province,year,subject,score,rank
河南,2023,物理类,400,317842
河南,2023,物理类,405,298430
河南,2023,物理类,410,280205
河南,2023,物理类,415,263094
河南,2023,物理类,420,247027
河南,2023,物理类,425,231942
河南,2023,物理类,430,217777
河南,2023,物理类,435,204477
河南,2023,物理类,440,191990
河南,2023,物理类,445,180265
河南,2023,物理类,450,169257
河南,2023,物理类,455,158921
河南,2023,物理类,460,149215
河南,2023,物理类,465,140102
河南,2023,物理类,470,131546
河南,2023,物理类,475,123513
河南,2023,物理类,480,115970
河南,2023,物理类,485,108888
河南,2023,物理类,490,102238
河南,2023,物理类,495,95994
河南,2023,物理类,500,90132
河南,2023,物理类,505,84628
河南,2023,物理类,510,79460
河南,2023,物理类,515,74607
河南,2023,物理类,520,70051
河南,2023,物理类,525,65773
河南,2023,物理类,530,61756
河南,2023,物理类,535,57985
河南,2023,物理类,540,54443
河南,2023,物理类,545,51118
河南,2023,物理类,550,47996
河南,2023,物理类,555,45066
河南,2023,物理类,560,42313
河南,2023,物理类,565,39730
河南,2023,物理类,570,37303
河南,2023,物理类,575,35025
河南,2023,物理类,580,32886
河南,2023,物理类,585,30877
河南,2023,物理类,590,28992
河南,2023,物理类,595,27221
河南,2023,物理类,600,25559
河南,2023,物理类,605,23997
河南,2023,物理类,610,22533
河南,2023,物理类,615,21156
河南,2023,物理类,620,19865
河南,2023,物理类,625,18651
河南,2023,物理类,630,17512
河南,2023,物理类,635,16443
河南,2023,物理类,640,15438
河南,2023,物理类,645,14496
河南,2023,物理类,650,13610
河南,2023,物理类,655,12779
河南,2023,物理类,660,11998
河南,2023,物理类,665,11266
河南,2023,物理类,670,10577
河南,2023,物理类,675,9932
河南,2023,物理类,680,9325
河南,2024,物理类,400,317842
河南,2024,物理类,405,298430
河南,2024,物理类,410,280205
河南,2024,物理类,415,263094
河南,2024,物理类,420,247027
河南,2024,物理类,425,231942
河南,2024,物理类,430,217777
河南,2024,物理类,435,204477
河南,2024,物理类,440,191990
河南,2024,物理类,445,180265
河南,2024,物理类,450,169257
河南,2024,物理类,455,158921
河南,2024,物理类,460,149215
河南,2024,物理类,465,140102
河南,2024,物理类,470,131546
河南,2024,物理类,475,123513
河南,2024,物理类,480,115970
河南,2024,物理类,485,108888
河南,2024,物理类,490,102238
河南,2024,物理类,495,95994
河南,2024,物理类,500,90132
河南,2024,物理类,505,84628
河南,2024,物理类,510,79460
河南,2024,物理类,515,74607
河南,2024,物理类,520,70051
河南,2024,物理类,525,65773
河南,2024,物理类,530,61756
河南,2024,物理类,535,57985
河南,2024,物理类,540,54443
河南,2024,物理类,545,51118
河南,2024,物理类,550,47996
河南,2024,物理类,555,45066
河南,2024,物理类,560,42313
河南,2024,物理类,565,39730
河南,2024,物理类,570,37303
河南,2024,物理类,575,35025
河南,2024,物理类,580,32886
河南,2024,物理类,585,30877
河南,2024,物理类,590,28992
河南,2024,物理类,595,27221
河南,2024,物理类,600,25559
河南,2024,物理类,605,23997
河南,2024,物理类,610,22533
河南,2024,物理类,615,21156
河南,2024,物理类,620,19865
河南,2024,物理类,625,18651
河南,2024,物理类,630,17512
河南,2024,物理类,635,16443
河南,2024,物理类,640,15438
河南,2024,物理类,645,14496
河南,2024,物理类,650,13610
河南,2024,物理类,655,12779
河南,2024,物理类,660,11998
河南,2024,物理类,665,11266
河南,2024,物理类,670,10577
河南,2024,物理类,675,9932
河南,2024,物理类,680,9325
河南,2023,历史类,400,111243
河南,2023,历史类,405,104451
河南,2023,历史类,410,98071
河南,2023,历史类,415,92082
河南,2023,历史类,420,86459
河南,2023,历史类,425,81179
河南,2023,历史类,430,76221
河南,2023,历史类,435,71567
河南,2023,历史类,440,67196
河南,2023,历史类,445,63092
河南,2023,历史类,450,59239
河南,2023,历史类,455,55621
河南,2023,历史类,460,52225
河南,2023,历史类,465,49035
河南,2023,历史类,470,46040
河南,2023,历史类,475,43229
河南,2023,历史类,480,40589
河南,2023,历史类,485,38110
河南,2023,历史类,490,35783
河南,2023,历史类,495,33597
河南,2023,历史类,500,31546
河南,2023,历史类,505,29619
河南,2023,历史类,510,27810
河南,2023,历史类,515,26112
河南,2023,历史类,520,24517
河南,2023,历史类,525,23019
河南,2023,历史类,530,21614
河南,2023,历史类,535,20294
河南,2023,历史类,540,19055
河南,2023,历史类,545,17891
河南,2023,历史类,550,16798
河南,2023,历史类,555,15773
河南,2023,历史类,560,14809
河南,2023,历史类,565,13905
河南,2023,历史类,570,13056
河南,2023,历史类,575,12258
河南,2023,历史类,580,11509
河南,2023,历史类,585,10806
河南,2023,历史类,590,10147
河南,2023,历史类,595,9527
河南,2023,历史类,600,8945
河南,2023,历史类,605,8399
河南,2023,历史类,610,7886
河南,2023,历史类,615,7404
河南,2023,历史类,620,6952
河南,2023,历史类,625,6527
河南,2023,历史类,630,6128
河南,2023,历史类,635,5754
河南,2023,历史类,640,5403
河南,2023,历史类,645,5073
河南,2023,历史类,650,4763
河南,2023,历史类,655,4472
河南,2023,历史类,660,4199
河南,2023,历史类,665,3943
河南,2023,历史类,670,3702
河南,2023,历史类,675,3476
河南,2023,历史类,680,3263
河南,2024,历史类,400,111243
河南,2024,历史类,405,104451
河南,2024,历史类,410,98071
河南,2024,历史类,415,92082
河南,2024,历史类,420,86459
河南,2024,历史类,425,81179
河南,2024,历史类,430,76221
河南,2024,历史类,435,71567
河南,2024,历史类,440,67196
河南,2024,历史类,445,63092
河南,2024,历史类,450,59239
河南,2024,历史类,455,55621
河南,2024,历史类,460,52225
河南,2024,历史类,465,49035
河南,2024,历史类,470,46040
河南,2024,历史类,475,43229
河南,2024,历史类,480,40589
河南,2024,历史类,485,38110
河南,2024,历史类,490,35783
河南,2024,历史类,495,33597
河南,2024,历史类,500,31546
河南,2024,历史类,505,29619
河南,2024,历史类,510,27810
河南,2024,历史类,515,26112
河南,2024,历史类,520,24517
河南,2024,历史类,525,23019
河南,2024,历史类,530,21614
河南,2024,历史类,535,20294
河南,2024,历史类,540,19055
河南,2024,历史类,545,17891
河南,2024,历史类,550,16798
河南,2024,历史类,555,15773
河南,2024,历史类,560,14809
河南,2024,历史类,565,13905
河南,2024,历史类,570,13056
河南,2024,历史类,575,12258
河南,2024,历史类,580,11509
河南,2024,历史类,585,10806
河南,2024,历史类,590,10147
河南,2024,历史类,595,9527
河南,2024,历史类,600,8945
河南,2024,历史类,605,8399
河南,2024,历史类,610,7886
河南,2024,历史类,615,7404
河南,2024,历史类,620,6952
河南,2024,历史类,625,6527
河南,2024,历史类,630,6128
河南,2024,历史类,635,5754
河南,2024,历史类,640,5403
河南,2024,历史类,645,5073
河南,2024,历史类,650,4763
河南,2024,历史类,655,4472
河南,2024,历史类,660,4199
河南,2024,历史类,665,3943
河南,2024,历史类,670,3702
河南,2024,历史类,675,3476
河南,2024,历史类,680,3263
河南,2025,物理类,710,12
河南,2025,物理类,709,19
河南,2025,物理类,708,23
河南,2025,物理类,707,27
河南,2025,物理类,706,33
河南,2025,物理类,705,41
河南,2025,物理类,704,52
河南,2025,物理类,703,66
河南,2025,物理类,702,82
河南,2025,物理类,701,91
河南,2025,物理类,700,108
河南,2025,物理类,699,122
河南,2025,物理类,698,151
河南,2025,物理类,697,186
河南,2025,物理类,696,213
河南,2025,物理类,695,241
河南,2025,物理类,694,272
河南,2025,物理类,693,313
河南,2025,物理类,692,339
河南,2025,物理类,691,380
河南,2025,物理类,690,416
河南,2025,物理类,689,461
河南,2025,物理类,688,511
河南,2025,物理类,687,566
河南,2025,物理类,686,627
河南,2025,物理类,685,695
河南,2025,物理类,684,779
河南,2025,物理类,683,857
河南,2025,物理类,682,961
河南,2025,物理类,681,1047
河南,2025,物理类,680,1146
河南,2025,物理类,679,1277
河南,2025,物理类,678,1380
河南,2025,物理类,677,1509
河南,2025,物理类,676,1624
河南,2025,物理类,675,1763
河南,2025,物理类,674,1917
河南,2025,物理类,673,2061
河南,2025,物理类,672,2230
河南,2025,物理类,671,2395
河南,2025,物理类,670,2579
河南,2025,物理类,669,2741
河南,2025,物理类,668,2939
河南,2025,物理类,667,3171
河南,2025,物理类,666,3387
河南,2025,物理类,665,3614
河南,2025,物理类,664,3838
河南,2025,物理类,663,4081
河南,2025,物理类,662,4316
河南,2025,物理类,661,4578
河南,2025,物理类,660,4874
河南,2025,物理类,659,5147
河南,2025,物理类,658,5456
河南,2025,物理类,657,5758
河南,2025,物理类,656,6120
河南,2025,物理类,655,6441
河南,2025,物理类,654,6779
河南,2025,物理类,653,7144
河南,2025,物理类,652,7511
河南,2025,物理类,651,7914
河南,2025,物理类,650,8281
河南,2025,物理类,649,8687
河南,2025,物理类,648,9130
河南,2025,物理类,647,9537
河南,2025,物理类,646,9989
河南,2025,物理类,645,10445
河南,2025,物理类,644,10886
河南,2025,物理类,643,11370
河南,2025,物理类,642,11842
河南,2025,物理类,641,12353
河南,2025,物理类,640,12870
河南,2025,物理类,639,13404
河南,2025,物理类,638,13941
河南,2025,物理类,637,14500
河南,2025,物理类,636,15066
河南,2025,物理类,635,15727
河南,2025,物理类,634,16357
河南,2025,物理类,633,16998
河南,2025,物理类,632,17632
河南,2025,物理类,631,18242
河南,2025,物理类,630,18923
河南,2025,物理类,629,19599
河南,2025,物理类,628,20262
河南,2025,物理类,627,20939
河南,2025,物理类,626,21686
河南,2025,物理类,625,22450
河南,2025,物理类,624,23204
河南,2025,物理类,623,23980
河南,2025,物理类,622,24764
河南,2025,物理类,621,25611
河南,2025,物理类,620,26385
河南,2025,物理类,619,27239
河南,2025,物理类,618,28088
河南,2025,物理类,617,28989
河南,2025,物理类,616,29930
河南,2025,物理类,615,30812
河南,2025,物理类,614,31705
河南,2025,物理类,613,32607
河南,2025,物理类,612,33569
河南,2025,物理类,611,34569
河南,2025,物理类,610,35524
河南,2025,物理类,609,36486
河南,2025,物理类,608,37473
河南,2025,物理类,607,38498
河南,2025,物理类,606,39518
河南,2025,物理类,605,40609
河南,2025,物理类,604,41663
河南,2025,物理类,603,42712
河南,2025,物理类,602,43771
河南,2025,物理类,601,44843
河南,2025,物理类,600,45887
河南,2025,物理类,599,47010
河南,2025,物理类,598,48131
河南,2025,物理类,597,49305
河南,2025,物理类,596,50521
河南,2025,物理类,595,51684
河南,2025,物理类,594,52849
河南,2025,物理类,593,54059
河南,2025,物理类,592,55298
河南,2025,物理类,591,56625
河南,2025,物理类,590,57947
河南,2025,物理类,589,59240
河南,2025,物理类,588,60488
河南,2025,物理类,587,61718
河南,2025,物理类,586,63025
河南,2025,物理类,585,64425
河南,2025,物理类,584,65709
河南,2025,物理类,583,67120
河南,2025,物理类,582,68439
河南,2025,物理类,581,69871
河南,2025,物理类,580,71205
河南,2025,物理类,579,72674
河南,2025,物理类,578,74079
河南,2025,物理类,577,75584
河南,2025,物理类,576,76951
河南,2025,物理类,575,78368
河南,2025,物理类,574,79867
河南,2025,物理类,573,81337
河南,2025,物理类,572,82802
河南,2025,物理类,571,84302
河南,2025,物理类,570,85847
河南,2025,物理类,569,87297
河南,2025,物理类,568,88775
河南,2025,物理类,567,90232
河南,2025,物理类,566,91732
河南,2025,物理类,565,93269
河南,2025,物理类,564,94843
河南,2025,物理类,563,96460
河南,2025,物理类,562,98064
河南,2025,物理类,561,99681
河南,2025,物理类,560,101279
河南,2025,物理类,559,102928
河南,2025,物理类,558,104553
河南,2025,物理类,557,106110
河南,2025,物理类,556,107719
河南,2025,物理类,555,109314
河南,2025,物理类,554,110951
河南,2025,物理类,553,112668
河南,2025,物理类,552,114348
河南,2025,物理类,551,116078
河南,2025,物理类,550,117829
河南,2025,物理类,549,119532
河南,2025,物理类,548,121209
河南,2025,物理类,547,122973
河南,2025,物理类,546,124772
河南,2025,物理类,545,126477
河南,2025,物理类,544,128153
河南,2025,物理类,543,129826
河南,2025,物理类,542,131568
河南,2025,物理类,541,133317
河南,2025,物理类,540,135096
河南,2025,物理类,539,136912
河南,2025,物理类,538,138722
河南,2025,物理类,537,140429
河南,2025,物理类,536,142192
河南,2025,物理类,535,143976
河南,2025,物理类,534,145853
河南,2025,物理类,533,147701
河南,2025,物理类,532,149558
河南,2025,物理类,531,151364
河南,2025,物理类,530,153170
河南,2025,物理类,529,154977
河南,2025,物理类,528,156750
河南,2025,物理类,527,158564
河南,2025,物理类,526,160378
河南,2025,物理类,525,162191
河南,2025,物理类,524,164057
河南,2025,物理类,523,165927
河南,2025,物理类,522,167752
河南,2025,物理类,521,169654
河南,2025,物理类,520,171586
河南,2025,物理类,519,173388
河南,2025,物理类,518,175267
河南,2025,物理类,517,177095
河南,2025,物理类,516,178995
河南,2025,物理类,515,180864
河南,2025,物理类,514,182751
河南,2025,物理类,513,184632
河南,2025,物理类,512,186510
河南,2025,物理类,511,188315
河南,2025,物理类,510,190228
河南,2025,物理类,509,192194
河南,2025,物理类,508,194093
河南,2025,物理类,507,196008
河南,2025,物理类,506,197957
河南,2025,物理类,505,199910
河南,2025,物理类,504,201911
河南,2025,物理类,503,203899
河南,2025,物理类,502,205818
河南,2025,物理类,501,207737
河南,2025,物理类,500,209695
河南,2025,物理类,499,211621
河南,2025,物理类,498,213496
河南,2025,物理类,497,215411
河南,2025,物理类,496,217439
河南,2025,物理类,495,219377
河南,2025,物理类,494,221305
河南,2025,物理类,493,223265
河南,2025,物理类,492,225208
河南,2025,物理类,491,227136
河南,2025,物理类,490,229094
河南,2025,物理类,489,231000
河南,2025,物理类,488,232985
河南,2025,物理类,487,234918
河南,2025,物理类,486,236802
河南,2025,物理类,485,238824
河南,2025,物理类,484,240777
河南,2025,物理类,483,242790
河南,2025,物理类,482,244712
河南,2025,物理类,481,246710
河南,2025,物理类,480,248687
河南,2025,物理类,479,250585
河南,2025,物理类,478,252555
河南,2025,物理类,477,254511
河南,2025,物理类,476,256447
河南,2025,物理类,475,258457
河南,2025,物理类,474,260370
河南,2025,物理类,473,262290
河南,2025,物理类,472,264203
河南,2025,物理类,471,266139
河南,2025,物理类,470,268081
河南,2025,物理类,469,270049
河南,2025,物理类,468,272009
河南,2025,物理类,467,274053
河南,2025,物理类,466,275961
河南,2025,物理类,465,277938
河南,2025,物理类,464,279857
河南,2025,物理类,463,281770
河南,2025,物理类,462,283675
河南,2025,物理类,461,285619
河南,2025,物理类,460,287531
河南,2025,物理类,459,289487
河南,2025,物理类,458,291419
河南,2025,物理类,457,293430
河南,2025,物理类,456,295281
河南,2025,物理类,455,297074
河南,2025,物理类,454,298973
河南,2025,物理类,453,300810
河南,2025,物理类,452,302695
河南,2025,物理类,451,304565
河南,2025,物理类,450,306451
河南,2025,物理类,449,308332
河南,2025,物理类,448,310147
河南,2025,物理类,447,311929
河南,2025,物理类,446,313739
河南,2025,物理类,445,315603
河南,2025,物理类,444,317514
河南,2025,物理类,443,319430
河南,2025,物理类,442,321305
河南,2025,物理类,441,323149
河南,2025,物理类,440,324967
河南,2025,物理类,439,326806
河南,2025,物理类,438,328623
河南,2025,物理类,437,330445
河南,2025,物理类,436,332275
河南,2025,物理类,435,334050
河南,2025,物理类,434,335904
河南,2025,物理类,433,337675
河南,2025,物理类,432,339465
河南,2025,物理类,431,341244
河南,2025,物理类,430,342982
河南,2025,物理类,429,344796
河南,2025,物理类,428,346607
河南,2025,物理类,427,348358
河南,2025,物理类,426,350118
河南,2025,物理类,425,351863
河南,2025,物理类,424,353511
河南,2025,物理类,423,355229
河南,2025,物理类,422,356994
河南,2025,物理类,421,358710
河南,2025,物理类,420,360436
河南,2025,物理类,419,362154
河南,2025,物理类,418,363912
河南,2025,物理类,417,365672
河南,2025,物理类,416,367404
河南,2025,物理类,415,369055
河南,2025,物理类,414,370683
河南,2025,物理类,413,372383
河南,2025,物理类,412,374084
河南,2025,物理类,411,375722
河南,2025,物理类,410,377411
河南,2025,物理类,409,379038
河南,2025,物理类,408,380715
河南,2025,物理类,407,382317
河南,2025,物理类,406,383881
河南,2025,物理类,405,385445
河南,2025,物理类,404,387091
河南,2025,物理类,403,388657
河南,2025,物理类,402,390255
河南,2025,物理类,401,391828
河南,2025,物理类,400,393449
河南,2025,物理类,399,394999
河南,2025,物理类,398,396590
河南,2025,物理类,397,398076
河南,2025,物理类,396,399646
河南,2025,物理类,395,401209
河南,2025,物理类,394,402727
河南,2025,物理类,393,404273
河南,2025,物理类,392,405892
河南,2025,物理类,391,407397
河南,2025,物理类,390,408929
河南,2025,物理类,389,410438
河南,2025,物理类,388,411892
河南,2025,物理类,387,413374
河南,2025,物理类,386,414874
河南,2025,物理类,385,416344
河南,2025,物理类,384,417848
河南,2025,物理类,383,419350
河南,2025,物理类,382,420809
河南,2025,物理类,381,422173
河南,2025,物理类,380,423564
河南,2025,物理类,379,424961
河南,2025,物理类,378,426362
河南,2025,物理类,377,427774
河南,2025,物理类,376,429185
河南,2025,物理类,375,430566
河南,2025,物理类,374,431981
河南,2025,物理类,373,433260
河南,2025,物理类,372,434575
河南,2025,物理类,371,435944
河南,2025,物理类,370,437332
河南,2025,物理类,369,438642
河南,2025,物理类,368,439996
河南,2025,物理类,367,441259
河南,2025,物理类,366,442570
河南,2025,物理类,365,443885
河南,2025,物理类,364,445189
河南,2025,物理类,363,446472
河南,2025,物理类,362,447712
河南,2025,物理类,361,449030
河南,2025,物理类,360,450338
河南,2025,物理类,359,451597
河南,2025,物理类,358,452856
河南,2025,物理类,357,454163
河南,2025,物理类,356,455423
河南,2025,物理类,355,456652
河南,2025,物理类,354,457903
河南,2025,物理类,353,459115
河南,2025,物理类,352,460318
河南,2025,物理类,351,461571
河南,2025,物理类,350,462732
河南,2025,物理类,349,463862
河南,2025,物理类,348,464996
河南,2025,物理类,347,466196
河南,2025,物理类,346,467331
河南,2025,物理类,345,468507
河南,2025,物理类,344,469650
河南,2025,物理类,343,470809
河南,2025,物理类,342,471903
河南,2025,物理类,341,472975
河南,2025,物理类,340,474138
河南,2025,物理类,339,475241
河南,2025,物理类,338,476342
河南,2025,物理类,337,477392
河南,2025,物理类,336,478507
河南,2025,物理类,335,479571
河南,2025,物理类,334,480608
河南,2025,物理类,333,481681
河南,2025,物理类,332,482804
河南,2025,物理类,331,483843
河南,2025,物理类,330,484840
河南,2025,物理类,329,485869
河南,2025,物理类,328,486865
河南,2025,物理类,327,487892
河南,2025,物理类,326,488929
河南,2025,物理类,325,489934
河南,2025,物理类,324,490914
河南,2025,物理类,323,491894
河南,2025,物理类,322,492831
河南,2025,物理类,321,493774
河南,2025,物理类,320,494722
河南,2025,物理类,319,495686
河南,2025,物理类,318,496580
河南,2025,物理类,317,497502
河南,2025,物理类,316,498407
河南,2025,物理类,315,499316
河南,2025,物理类,314,500193
河南,2025,物理类,313,501067
河南,2025,物理类,312,501959
河南,2025,物理类,311,502870
河南,2025,物理类,310,503718
河南,2025,物理类,309,504567
河南,2025,物理类,308,505389
河南,2025,物理类,307,506211
河南,2025,物理类,306,507043
河南,2025,物理类,305,507835
河南,2025,物理类,304,508660
河南,2025,物理类,303,509473
河南,2025,物理类,302,510269
河南,2025,物理类,301,511089
河南,2025,物理类,300,511869
河南,2025,物理类,299,512610
河南,2025,物理类,298,513378
河南,2025,物理类,297,514136
河南,2025,物理类,296,514866
河南,2025,物理类,295,515575
河南,2025,物理类,294,516337
河南,2025,物理类,293,517123
河南,2025,物理类,292,517781
河南,2025,物理类,291,518507
河南,2025,物理类,290,519201
河南,2025,物理类,289,519908
河南,2025,物理类,288,520569
河南,2025,物理类,287,521233
河南,2025,物理类,286,521890
河南,2025,物理类,285,522555
河南,2025,物理类,284,523250
河南,2025,物理类,283,523920
河南,2025,物理类,282,524540
河南,2025,物理类,281,525154
河南,2025,物理类,280,525789
河南,2025,物理类,279,526426
河南,2025,物理类,278,527013
河南,2025,物理类,277,527599
河南,2025,物理类,276,528204
河南,2025,物理类,275,528786
河南,2025,物理类,274,529378
河南,2025,物理类,273,529911
河南,2025,物理类,272,530495
河南,2025,物理类,271,531051
河南,2025,物理类,270,531585
河南,2025,物理类,269,532134
河南,2025,物理类,268,532670
河南,2025,物理类,267,533191
河南,2025,物理类,266,533716
河南,2025,物理类,265,534216
河南,2025,物理类,264,534690
河南,2025,物理类,263,535233
河南,2025,物理类,262,535734
河南,2025,物理类,261,536233
河南,2025,物理类,260,536688
河南,2025,物理类,259,537143
河南,2025,物理类,258,537593
河南,2025,物理类,257,538043
河南,2025,物理类,256,538511
河南,2025,物理类,255,538935
河南,2025,物理类,254,539401
河南,2025,物理类,253,539796
河南,2025,物理类,252,540201
河南,2025,物理类,251,540605
河南,2025,物理类,250,540998
河南,2025,物理类,249,541388
河南,2025,物理类,248,541759
河南,2025,物理类,247,542114
河南,2025,物理类,246,542463
河南,2025,物理类,245,542820
河南,2025,物理类,244,543200
河南,2025,物理类,243,543553
河南,2025,物理类,242,543952
河南,2025,物理类,241,544281
河南,2025,物理类,240,544614
河南,2025,物理类,239,544937
河南,2025,物理类,238,545255
河南,2025,物理类,237,545538
河南,2025,物理类,236,545841
河南,2025,物理类,235,546118
河南,2025,物理类,234,546369
河南,2025,物理类,233,546649
河南,2025,物理类,232,546912
河南,2025,物理类,231,547181
河南,2025,物理类,230,547470
河南,2025,物理类,229,547715
河南,2025,物理类,228,547989
河南,2025,物理类,227,548211
河南,2025,物理类,226,548456
河南,2025,物理类,225,548712
河南,2025,物理类,224,548929
河南,2025,物理类,223,549120
河南,2025,物理类,222,549328
河南,2025,物理类,221,549541
河南,2025,物理类,220,549722
河南,2025,物理类,219,549914
河南,2025,物理类,218,550102
河南,2025,物理类,217,550290
河南,2025,物理类,216,550463
河南,2025,物理类,215,550635
河南,2025,物理类,214,550783
河南,2025,物理类,213,550940
河南,2025,物理类,212,551097
河南,2025,物理类,211,551239
河南,2025,物理类,210,551384
河南,2025,物理类,209,551531
河南,2025,物理类,208,551673
河南,2025,物理类,207,551810
河南,2025,物理类,206,551931
河南,2025,物理类,205,552048
河南,2025,物理类,204,552163
河南,2025,物理类,203,552264
河南,2025,物理类,202,552367
河南,2025,物理类,201,552456
河南,2025,物理类,200,552551
河南,2025,物理类,199,552636
河南,2025,物理类,198,552732
河南,2025,物理类,197,552823
河南,2025,物理类,196,552918
河南,2025,物理类,195,552987
河南,2025,物理类,194,553067
河南,2025,物理类,193,553147
河南,2025,物理类,192,553231
河南,2025,物理类,191,553289
河南,2025,物理类,190,553357
河南,2025,物理类,189,553414
河南,2025,物理类,188,553471
河南,2025,物理类,187,553518
河南,2025,物理类,186,553570
河南,2025,物理类,185,553621
河南,2025,物理类,184,553677
河南,2025,物理类,183,553709
河南,2025,物理类,182,553755
河南,2025,物理类,181,553792
河南,2025,物理类,180,553839
河南,2025,物理类,179,553907
河南,2025,物理类,178,553950
河南,2025,物理类,177,553985
河南,2025,物理类,176,554026
河南,2025,物理类,175,554068
河南,2025,物理类,174,554098
河南,2025,物理类,173,554125
河南,2025,物理类,172,554159
河南,2025,物理类,171,554190
河南,2025,物理类,170,554216
河南,2025,物理类,169,554242
河南,2025,物理类,168,554271
河南,2025,物理类,167,554293
河南,2025,物理类,166,554312
河南,2025,物理类,165,554339
河南,2025,物理类,164,554361
河南,2025,物理类,163,554386
河南,2025,物理类,162,554411
河南,2025,物理类,161,554430
河南,2025,物理类,160,554456
河南,2025,物理类,159,554483
河南,2025,物理类,158,554505
河南,2025,物理类,157,554534
河南,2025,物理类,156,554548
河南,2025,物理类,155,554565
河南,2025,物理类,154,554586
河南,2025,物理类,153,554606
河南,2025,物理类,152,554624
河南,2025,物理类,151,554635
河南,2025,物理类,150,554659
河南,2025,物理类,149,554671
河南,2025,物理类,148,554683
河南,2025,物理类,147,554698
河南,2025,物理类,146,554710
河南,2025,物理类,145,554723
河南,2025,物理类,144,554742
河南,2025,物理类,143,554755
河南,2025,物理类,142,554763
河南,2025,物理类,141,554775
河南,2025,物理类,140,554785
河南,2025,物理类,139,554797
河南,2025,物理类,138,554808
河南,2025,物理类,137,554815
河南,2025,物理类,136,554823
河南,2025,物理类,135,554831
河南,2025,物理类,134,554843
河南,2025,物理类,133,554854
河南,2025,物理类,132,554872
河南,2025,物理类,131,554879
河南,2025,物理类,130,554887
河南,2025,物理类,129,554900
河南,2025,物理类,128,554911
河南,2025,物理类,127,554917
河南,2025,物理类,126,554930
河南,2025,物理类,125,554935
河南,2025,物理类,124,554942
河南,2025,物理类,123,554947
河南,2025,物理类,122,554954
河南,2025,物理类,121,554959
河南,2025,物理类,120,554963
河南,2025,物理类,119,554967
河南,2025,物理类,118,554971
河南,2025,物理类,117,554978
河南,2025,物理类,116,554981
河南,2025,物理类,115,554984
河南,2025,物理类,114,554987
河南,2025,物理类,113,554990
河南,2025,物理类,112,554994
河南,2025,物理类,111,554998
河南,2025,物理类,110,555002
河南,2025,物理类,109,555008
河南,2025,物理类,108,555012
河南,2025,物理类,107,555017
河南,2025,物理类,106,555023
河南,2025,物理类,105,555027
河南,2025,物理类,104,555031
河南,2025,物理类,103,555032
河南,2025,物理类,102,555033
河南,2025,物理类,101,555036
河南,2025,物理类,100,555040
河南,2025,历史类,686,12
河南,2025,历史类,685,12
河南,2025,历史类,684,13
河南,2025,历史类,683,14
河南,2025,历史类,682,19
河南,2025,历史类,681,23
河南,2025,历史类,680,25
河南,2025,历史类,679,27
河南,2025,历史类,678,29
河南,2025,历史类,677,34
河南,2025,历史类,676,36
河南,2025,历史类,675,41
河南,2025,历史类,674,48
河南,2025,历史类,673,61
河南,2025,历史类,672,67
河南,2025,历史类,671,77
河南,2025,历史类,670,88
河南,2025,历史类,669,97
河南,2025,历史类,668,108
河南,2025,历史类,667,121
河南,2025,历史类,666,133
河南,2025,历史类,665,142
河南,2025,历史类,664,155
河南,2025,历史类,663,171
河南,2025,历史类,662,188
河南,2025,历史类,661,195
河南,2025,历史类,660,210
河南,2025,历史类,659,227
河南,2025,历史类,658,242
河南,2025,历史类,657,260
河南,2025,历史类,656,285
河南,2025,历史类,655,309
河南,2025,历史类,654,333
河南,2025,历史类,653,361
河南,2025,历史类,652,392
河南,2025,历史类,651,422
河南,2025,历史类,650,450
河南,2025,历史类,649,482
河南,2025,历史类,648,518
河南,2025,历史类,647,549
河南,2025,历史类,646,578
河南,2025,历史类,645,614
河南,2025,历史类,644,660
河南,2025,历史类,643,720
河南,2025,历史类,642,774
河南,2025,历史类,641,821
河南,2025,历史类,640,874
河南,2025,历史类,639,936
河南,2025,历史类,638,991
河南,2025,历史类,637,1047
河南,2025,历史类,636,1112
河南,2025,历史类,635,1180
河南,2025,历史类,634,1240
河南,2025,历史类,633,1313
河南,2025,历史类,632,1382
河南,2025,历史类,631,1475
河南,2025,历史类,630,1547
河南,2025,历史类,629,1634
河南,2025,历史类,628,1731
河南,2025,历史类,627,1833
河南,2025,历史类,626,1923
河南,2025,历史类,625,2032
河南,2025,历史类,624,2158
河南,2025,历史类,623,2268
河南,2025,历史类,622,2375
河南,2025,历史类,621,2500
河南,2025,历史类,620,2608
河南,2025,历史类,619,2754
河南,2025,历史类,618,2901
河南,2025,历史类,617,3030
河南,2025,历史类,616,3185
河南,2025,历史类,615,3337
河南,2025,历史类,614,3480
河南,2025,历史类,613,3645
河南,2025,历史类,612,3818
河南,2025,历史类,611,3972
河南,2025,历史类,610,4141
河南,2025,历史类,609,4353
河南,2025,历史类,608,4542
河南,2025,历史类,607,4725
河南,2025,历史类,606,4916
河南,2025,历史类,605,5105
河南,2025,历史类,604,5311
河南,2025,历史类,603,5500
河南,2025,历史类,602,5707
河南,2025,历史类,601,5929
河南,2025,历史类,600,6178
河南,2025,历史类,599,6410
河南,2025,历史类,598,6664
河南,2025,历史类,597,6932
河南,2025,历史类,596,7190
河南,2025,历史类,595,7436
河南,2025,历史类,594,7705
河南,2025,历史类,593,7978
河南,2025,历史类,592,8282
河南,2025,历史类,591,8585
河南,2025,历史类,590,8903
河南,2025,历史类,589,9187
河南,2025,历史类,588,9488
河南,2025,历史类,587,9816
河南,2025,历史类,586,10140
河南,2025,历史类,585,10488
河南,2025,历史类,584,10825
河南,2025,历史类,583,11181
河南,2025,历史类,582,11561
河南,2025,历史类,581,11927
河南,2025,历史类,580,12319
河南,2025,历史类,579,12692
河南,2025,历史类,578,13095
河南,2025,历史类,577,13479
河南,2025,历史类,576,13896
河南,2025,历史类,575,14289
河南,2025,历史类,574,14675
河南,2025,历史类,573,15077
河南,2025,历史类,572,15474
河南,2025,历史类,571,15889
河南,2025,历史类,570,16333
河南,2025,历史类,569,16791
河南,2025,历史类,568,17234
河南,2025,历史类,567,17681
河南,2025,历史类,566,18170
河南,2025,历史类,565,18650
河南,2025,历史类,564,19144
河南,2025,历史类,563,19617
河南,2025,历史类,562,20115
河南,2025,历史类,561,20619
河南,2025,历史类,560,21123
河南,2025,历史类,559,21636
河南,2025,历史类,558,22165
河南,2025,历史类,557,22635
河南,2025,历史类,556,23123
河南,2025,历史类,555,23701
河南,2025,历史类,554,24237
河南,2025,历史类,553,24753
河南,2025,历史类,552,25337
河南,2025,历史类,551,25933
河南,2025,历史类,550,26513
河南,2025,历史类,549,27076
河南,2025,历史类,548,27643
河南,2025,历史类,547,28232
河南,2025,历史类,546,28812
河南,2025,历史类,545,29443
河南,2025,历史类,544,30042
河南,2025,历史类,543,30657
河南,2025,历史类,542,31236
河南,2025,历史类,541,31867
河南,2025,历史类,540,32472
河南,2025,历史类,539,33084
河南,2025,历史类,538,33721
河南,2025,历史类,537,34391
河南,2025,历史类,536,35075
河南,2025,历史类,535,35736
河南,2025,历史类,534,36410
河南,2025,历史类,533,37113
河南,2025,历史类,532,37760
河南,2025,历史类,531,38488
河南,2025,历史类,530,39207
河南,2025,历史类,529,39950
河南,2025,历史类,528,40663
河南,2025,历史类,527,41380
河南,2025,历史类,526,42086
河南,2025,历史类,525,42821
河南,2025,历史类,524,43538
河南,2025,历史类,523,44282
河南,2025,历史类,522,45082
河南,2025,历史类,521,45878
河南,2025,历史类,520,46591
河南,2025,历史类,519,47316
河南,2025,历史类,518,48095
河南,2025,历史类,517,48853
河南,2025,历史类,516,49633
河南,2025,历史类,515,50447
河南,2025,历史类,514,51305
河南,2025,历史类,513,52074
河南,2025,历史类,512,52832
河南,2025,历史类,511,53588
河南,2025,历史类,510,54420
河南,2025,历史类,509,55195
河南,2025,历史类,508,56017
河南,2025,历史类,507,56846
河南,2025,历史类,506,57662
河南,2025,历史类,505,58484
河南,2025,历史类,504,59322
河南,2025,历史类,503,60188
河南,2025,历史类,502,61064
河南,2025,历史类,501,61895
河南,2025,历史类,500,62743
河南,2025,历史类,499,63623
河南,2025,历史类,498,64473
河南,2025,历史类,497,65332
河南,2025,历史类,496,66221
河南,2025,历史类,495,67131
河南,2025,历史类,494,68041
河南,2025,历史类,493,68987
河南,2025,历史类,492,69878
河南,2025,历史类,491,70813
河南,2025,历史类,490,71710
河南,2025,历史类,489,72634
河南,2025,历史类,488,73552
河南,2025,历史类,487,74511
河南,2025,历史类,486,75472
河南,2025,历史类,485,76495
河南,2025,历史类,484,77434
河南,2025,历史类,483,78394
河南,2025,历史类,482,79353
河南,2025,历史类,481,80334
河南,2025,历史类,480,81280
河南,2025,历史类,479,82229
河南,2025,历史类,478,83148
河南,2025,历史类,477,84138
河南,2025,历史类,476,85097
河南,2025,历史类,475,86143
河南,2025,历史类,474,87119
河南,2025,历史类,473,88177
河南,2025,历史类,472,89224
河南,2025,历史类,471,90174
河南,2025,历史类,470,91159
河南,2025,历史类,469,92198
河南,2025,历史类,468,93246
河南,2025,历史类,467,94273
河南,2025,历史类,466,95283
河南,2025,历史类,465,96380
河南,2025,历史类,464,97399
河南,2025,历史类,463,98432
河南,2025,历史类,462,99501
河南,2025,历史类,461,100567
河南,2025,历史类,460,101647
河南,2025,历史类,459,102736
河南,2025,历史类,458,103807
河南,2025,历史类,457,104935
河南,2025,历史类,456,106050
河南,2025,历史类,455,107173
河南,2025,历史类,454,108205
河南,2025,历史类,453,109305
河南,2025,历史类,452,110379
河南,2025,历史类,451,111473
河南,2025,历史类,450,112544
河南,2025,历史类,449,113650
河南,2025,历史类,448,114784
河南,2025,历史类,447,115913
河南,2025,历史类,446,117012
河南,2025,历史类,445,118156
河南,2025,历史类,444,119289
河南,2025,历史类,443,120438
河南,2025,历史类,442,121565
河南,2025,历史类,441,122696
河南,2025,历史类,440,123858
河南,2025,历史类,439,125041
河南,2025,历史类,438,126212
河南,2025,历史类,437,127364
河南,2025,历史类,436,128554
河南,2025,历史类,435,129722
河南,2025,历史类,434,130849
河南,2025,历史类,433,132019
河南,2025,历史类,432,133202
河南,2025,历史类,431,134405
河南,2025,历史类,430,135570
河南,2025,历史类,429,136729
河南,2025,历史类,428,137947
河南,2025,历史类,427,139151
河南,2025,历史类,426,140372
河南,2025,历史类,425,141555
河南,2025,历史类,424,142751
河南,2025,历史类,423,143963
河南,2025,历史类,422,145127
河南,2025,历史类,421,146363
河南,2025,历史类,420,147595
河南,2025,历史类,419,148855
河南,2025,历史类,418,150052
河南,2025,历史类,417,151346
河南,2025,历史类,416,152581
河南,2025,历史类,415,153805
河南,2025,历史类,414,155031
河南,2025,历史类,413,156288
河南,2025,历史类,412,157515
河南,2025,历史类,411,158840
河南,2025,历史类,410,160052
河南,2025,历史类,409,161359
河南,2025,历史类,408,162605
河南,2025,历史类,407,163851
河南,2025,历史类,406,165047
河南,2025,历史类,405,166304
河南,2025,历史类,404,167585
河南,2025,历史类,403,168857
河南,2025,历史类,402,170105
河南,2025,历史类,401,171462
河南,2025,历史类,400,172763
河南,2025,历史类,399,174122
河南,2025,历史类,398,175407
河南,2025,历史类,397,176696
河南,2025,历史类,396,177999
河南,2025,历史类,395,179290
河南,2025,历史类,394,180604
河南,2025,历史类,393,181838
河南,2025,历史类,392,183154
河南,2025,历史类,391,184454
河南,2025,历史类,390,185694
河南,2025,历史类,389,186942
河南,2025,历史类,388,188246
河南,2025,历史类,387,189554
河南,2025,历史类,386,190854
河南,2025,历史类,385,192147
河南,2025,历史类,384,193460
河南,2025,历史类,383,194792
河南,2025,历史类,382,196094
河南,2025,历史类,381,197488
河南,2025,历史类,380,198823
河南,2025,历史类,379,200142
河南,2025,历史类,378,201478
河南,2025,历史类,377,202775
河南,2025,历史类,376,204176
河南,2025,历史类,375,205547
河南,2025,历史类,374,206884
河南,2025,历史类,373,208174
河南,2025,历史类,372,209549
河南,2025,历史类,371,210844
河南,2025,历史类,370,212089
河南,2025,历史类,369,213348
河南,2025,历史类,368,214639
河南,2025,历史类,367,215962
河南,2025,历史类,366,217286
河南,2025,历史类,365,218572
河南,2025,历史类,364,219816
河南,2025,历史类,363,221120
河南,2025,历史类,362,222389
河南,2025,历史类,361,223726
河南,2025,历史类,360,225037
河南,2025,历史类,359,226350
河南,2025,历史类,358,227638
河南,2025,历史类,357,228938
河南,2025,历史类,356,230201
河南,2025,历史类,355,231512
河南,2025,历史类,354,232840
河南,2025,历史类,353,234096
河南,2025,历史类,352,235355
河南,2025,历史类,351,236594
河南,2025,历史类,350,237871
河南,2025,历史类,349,239066
河南,2025,历史类,348,240281
河南,2025,历史类,347,241538
河南,2025,历史类,346,242815
河南,2025,历史类,345,244049
河南,2025,历史类,344,245228
河南,2025,历史类,343,246431
河南,2025,历史类,342,247652
河南,2025,历史类,341,248858
河南,2025,历史类,340,250054
河南,2025,历史类,339,251273
河南,2025,历史类,338,252492
河南,2025,历史类,337,253668
河南,2025,历史类,336,254870
河南,2025,历史类,335,256050
河南,2025,历史类,334,257185
河南,2025,历史类,333,258374
河南,2025,历史类,332,259578
河南,2025,历史类,331,260723
河南,2025,历史类,330,261905
河南,2025,历史类,329,263042
河南,2025,历史类,328,264179
河南,2025,历史类,327,265296
河南,2025,历史类,326,266387
河南,2025,历史类,325,267557
河南,2025,历史类,324,268708
河南,2025,历史类,323,269830
河南,2025,历史类,322,270947
河南,2025,历史类,321,272048
河南,2025,历史类,320,273102
河南,2025,历史类,319,274176
河南,2025,历史类,318,275321
河南,2025,历史类,317,276444
河南,2025,历史类,316,277536
河南,2025,历史类,315,278628
河南,2025,历史类,314,279710
河南,2025,历史类,313,280719
河南,2025,历史类,312,281786
河南,2025,历史类,311,282803
河南,2025,历史类,310,283844
河南,2025,历史类,309,284837
河南,2025,历史类,308,285843
河南,2025,历史类,307,286862
河南,2025,历史类,306,287882
河南,2025,历史类,305,288933
河南,2025,历史类,304,289935
河南,2025,历史类,303,290944
河南,2025,历史类,302,291967
河南,2025,历史类,301,292924
河南,2025,历史类,300,293940
河南,2025,历史类,299,294918
河南,2025,历史类,298,295908
河南,2025,历史类,297,296895
河南,2025,历史类,296,297837
河南,2025,历史类,295,298750
河南,2025,历史类,294,299675
河南,2025,历史类,293,300581
河南,2025,历史类,292,301502
河南,2025,历史类,291,302398
河南,2025,历史类,290,303263
河南,2025,历史类,289,304172
河南,2025,历史类,288,305018
河南,2025,历史类,287,305895
河南,2025,历史类,286,306797
河南,2025,历史类,285,307642
河南,2025,历史类,284,308461
河南,2025,历史类,283,309274
河南,2025,历史类,282,310136
河南,2025,历史类,281,310986
河南,2025,历史类,280,311785
河南,2025,历史类,279,312555
河南,2025,历史类,278,313346
河南,2025,历史类,277,314100
河南,2025,历史类,276,314888
河南,2025,历史类,275,315674
河南,2025,历史类,274,316426
河南,2025,历史类,273,317141
河南,2025,历史类,272,317884
河南,2025,历史类,271,318607
河南,2025,历史类,270,319347
河南,2025,历史类,269,320071
河南,2025,历史类,268,320796
河南,2025,历史类,267,321521
河南,2025,历史类,266,322209
河南,2025,历史类,265,322867
河南,2025,历史类,264,323562
河南,2025,历史类,263,324248
河南,2025,历史类,262,324903
河南,2025,历史类,261,325517
河南,2025,历史类,260,326168
河南,2025,历史类,259,326843
河南,2025,历史类,258,327418
河南,2025,历史类,257,328022
河南,2025,历史类,256,328620
河南,2025,历史类,255,329192
河南,2025,历史类,254,329783
河南,2025,历史类,253,330346
河南,2025,历史类,252,330927
河南,2025,历史类,251,331484
河南,2025,历史类,250,332006
河南,2025,历史类,249,332562
河南,2025,历史类,248,333079
河南,2025,历史类,247,333567
河南,2025,历史类,246,334075
河南,2025,历史类,245,334545
河南,2025,历史类,244,335031
河南,2025,历史类,243,335488
河南,2025,历史类,242,335950
河南,2025,历史类,241,336389
河南,2025,历史类,240,336815
河南,2025,历史类,239,337269
河南,2025,历史类,238,337680
河南,2025,历史类,237,338095
河南,2025,历史类,236,338489
河南,2025,历史类,235,338879
河南,2025,历史类,234,339313
河南,2025,历史类,233,339704
河南,2025,历史类,232,340114
河南,2025,历史类,231,340476
河南,2025,历史类,230,340838
河南,2025,历史类,229,341179
河南,2025,历史类,228,341544
河南,2025,历史类,227,341834
河南,2025,历史类,226,342143
河南,2025,历史类,225,342475
河南,2025,历史类,224,342773
河南,2025,历史类,223,343065
河南,2025,历史类,222,343309
河南,2025,历史类,221,343585
河南,2025,历史类,220,343858
河南,2025,历史类,219,344104
河南,2025,历史类,218,344351
河南,2025,历史类,217,344603
河南,2025,历史类,216,344841
河南,2025,历史类,215,345069
河南,2025,历史类,214,345288
河南,2025,历史类,213,345515
河南,2025,历史类,212,345731
河南,2025,历史类,211,345953
河南,2025,历史类,210,346176
河南,2025,历史类,209,346352
河南,2025,历史类,208,346538
河南,2025,历史类,207,346721
河南,2025,历史类,206,346907
河南,2025,历史类,205,347078
河南,2025,历史类,204,347244
河南,2025,历史类,203,347407
河南,2025,历史类,202,347587
河南,2025,历史类,201,347740
河南,2025,历史类,200,347873
河南,2025,历史类,199,348026
河南,2025,历史类,198,348179
河南,2025,历史类,197,348298
河南,2025,历史类,196,348429
河南,2025,历史类,195,348548
河南,2025,历史类,194,348665
河南,2025,历史类,193,348770
河南,2025,历史类,192,348882
河南,2025,历史类,191,348988
河南,2025,历史类,190,349102
河南,2025,历史类,189,349193
河南,2025,历史类,188,349305
河南,2025,历史类,187,349393
河南,2025,历史类,186,349501
河南,2025,历史类,185,349592
河南,2025,历史类,184,349676
河南,2025,历史类,183,349753
河南,2025,历史类,182,349839
河南,2025,历史类,181,349910
河南,2025,历史类,180,349987
河南,2025,历史类,179,350061
河南,2025,历史类,178,350141
河南,2025,历史类,177,350203
河南,2025,历史类,176,350279
河南,2025,历史类,175,350352
河南,2025,历史类,174,350425
河南,2025,历史类,173,350505
河南,2025,历史类,172,350564
河南,2025,历史类,171,350611
河南,2025,历史类,170,350657
河南,2025,历史类,169,350721
河南,2025,历史类,168,350773
河南,2025,历史类,167,350818
河南,2025,历史类,166,350855
河南,2025,历史类,165,350911
河南,2025,历史类,164,350952
河南,2025,历史类,163,350995
河南,2025,历史类,162,351039
河南,2025,历史类,161,351075
河南,2025,历史类,160,351124
河南,2025,历史类,159,351168
河南,2025,历史类,158,351208
河南,2025,历史类,157,351248
河南,2025,历史类,156,351288
河南,2025,历史类,155,351322
河南,2025,历史类,154,351356
河南,2025,历史类,153,351393
河南,2025,历史类,152,351426
河南,2025,历史类,151,351464
河南,2025,历史类,150,351493
河南,2025,历史类,149,351516
河南,2025,历史类,148,351539
河南,2025,历史类,147,351573
河南,2025,历史类,146,351604
河南,2025,历史类,145,351629
河南,2025,历史类,144,351652
河南,2025,历史类,143,351674
河南,2025,历史类,142,351700
河南,2025,历史类,141,351719
河南,2025,历史类,140,351742
河南,2025,历史类,139,351767
河南,2025,历史类,138,351796
河南,2025,历史类,137,351817
河南,2025,历史类,136,351840
河南,2025,历史类,135,351862
河南,2025,历史类,134,351880
河南,2025,历史类,133,351895
河南,2025,历史类,132,351907
河南,2025,历史类,131,351925
河南,2025,历史类,130,351946
河南,2025,历史类,129,351965
河南,2025,历史类,128,351982
河南,2025,历史类,127,351991
河南,2025,历史类,126,352000
河南,2025,历史类,125,352013
河南,2025,历史类,124,352020
河南,2025,历史类,123,352033
河南,2025,历史类,122,352039
河南,2025,历史类,121,352049
河南,2025,历史类,120,352056
河南,2025,历史类,119,352065
河南,2025,历史类,118,352076
河南,2025,历史类,117,352081
河南,2025,历史类,116,352088
河南,2025,历史类,115,352099
河南,2025,历史类,114,352105
河南,2025,历史类,113,352114
河南,2025,历史类,112,352119
河南,2025,历史类,111,352125
河南,2025,历史类,110,352129
河南,2025,历史类,109,352132
河南,2025,历史类,108,352137
河南,2025,历史类,107,352141
河南,2025,历史类,106,352146
河南,2025,历史类,105,352152
河南,2025,历史类,104,352155
河南,2025,历史类,103,352160
河南,2025,历史类,102,352165
河南,2025,历史类,101,352171
河南,2025,历史类,100,352175
河南,2024,理科,709,10
河南,2024,理科,708,13
河南,2024,理科,707,17
河南,2024,理科,706,21
河南,2024,理科,705,23
河南,2024,理科,704,28
河南,2024,理科,703,33
河南,2024,理科,702,38
河南,2024,理科,701,43
河南,2024,理科,700,52
河南,2024,理科,699,64
河南,2024,理科,698,75
河南,2024,理科,697,81
河南,2024,理科,696,94
河南,2024,理科,695,111
河南,2024,理科,694,128
河南,2024,理科,693,150
河南,2024,理科,692,174
河南,2024,理科,691,193
河南,2024,理科,690,215
河南,2024,理科,689,239
河南,2024,理科,688,274
河南,2024,理科,687,304
河南,2024,理科,686,341
河南,2024,理科,685,369
河南,2024,理科,684,408
河南,2024,理科,683,444
河南,2024,理科,682,491
河南,2024,理科,681,521
河南,2024,理科,680,573
河南,2024,理科,679,608
河南,2024,理科,678,684
河南,2024,理科,677,746
河南,2024,理科,676,812
河南,2024,理科,675,881
河南,2024,理科,674,958
河南,2024,理科,673,1024
河南,2024,理科,672,1095
河南,2024,理科,671,1180
河南,2024,理科,670,1246
河南,2024,理科,669,1318
河南,2024,理科,668,1410
河南,2024,理科,667,1509
河南,2024,理科,666,1604
河南,2024,理科,665,1714
河南,2024,理科,664,1823
河南,2024,理科,663,1942
河南,2024,理科,662,2051
河南,2024,理科,661,2157
河南,2024,理科,660,2272
河南,2024,理科,659,2405
河南,2024,理科,658,2546
河南,2024,理科,657,2662
河南,2024,理科,656,2809
河南,2024,理科,655,2955
河南,2024,理科,654,3120
河南,2024,理科,653,3287
河南,2024,理科,652,3441
河南,2024,理科,651,3608
河南,2024,理科,650,3784
河南,2024,理科,649,3955
河南,2024,理科,648,4153
河南,2024,理科,647,4332
河南,2024,理科,646,4551
河南,2024,理科,645,4744
河南,2024,理科,644,4966
河南,2024,理科,643,5177
河南,2024,理科,642,5385
河南,2024,理科,641,5635
河南,2024,理科,640,5855
河南,2024,理科,639,6120
河南,2024,理科,638,6413
河南,2024,理科,637,6669
河南,2024,理科,636,6965
河南,2024,理科,635,7249
河南,2024,理科,634,7548
河南,2024,理科,633,7831
河南,2024,理科,632,8139
河南,2024,理科,631,8444
河南,2024,理科,630,8810
河南,2024,理科,629,9133
河南,2024,理科,628,9498
河南,2024,理科,627,9839
河南,2024,理科,626,10188
河南,2024,理科,625,10592
河南,2024,理科,624,10962
河南,2024,理科,623,11363
河南,2024,理科,622,11767
河南,2024,理科,621,12204
河南,2024,理科,620,12607
河南,2024,理科,619,13028
河南,2024,理科,618,13475
河南,2024,理科,617,13941
河南,2024,理科,616,14396
河南,2024,理科,615,14891
河南,2024,理科,614,15402
河南,2024,理科,613,15913
河南,2024,理科,612,16488
河南,2024,理科,611,16982
河南,2024,理科,610,17519
河南,2024,理科,609,18059
河南,2024,理科,608,18642
河南,2024,理科,607,19256
河南,2024,理科,606,19869
河南,2024,理科,605,20456
河南,2024,理科,604,21039
河南,2024,理科,603,21656
河南,2024,理科,602,22336
河南,2024,理科,601,22963
河南,2024,理科,600,23638
河南,2024,理科,599,24309
河南,2024,理科,598,25049
河南,2024,理科,597,25762
河南,2024,理科,596,26465
河南,2024,理科,595,27214
河南,2024,理科,594,27919
河南,2024,理科,593,28637
河南,2024,理科,592,29369
河南,2024,理科,591,30123
河南,2024,理科,590,30887
河南,2024,理科,589,31680
河南,2024,理科,588,32528
河南,2024,理科,587,33383
河南,2024,理科,586,34230
河南,2024,理科,585,35066
河南,2024,理科,584,35948
河南,2024,理科,583,36841
河南,2024,理科,582,37744
河南,2024,理科,581,38682
河南,2024,理科,580,39605
河南,2024,理科,579,40541
河南,2024,理科,578,41509
河南,2024,理科,577,42445
河南,2024,理科,576,43459
河南,2024,理科,575,44463
河南,2024,理科,574,45456
河南,2024,理科,573,46513
河南,2024,理科,572,47548
河南,2024,理科,571,48594
河南,2024,理科,570,49566
河南,2024,理科,569,50642
河南,2024,理科,568,51686
河南,2024,理科,567,52721
河南,2024,理科,566,53909
河南,2024,理科,565,55035
河南,2024,理科,564,56189
河南,2024,理科,563,57281
河南,2024,理科,562,58400
河南,2024,理科,561,59579
河南,2024,理科,560,60745
河南,2024,理科,559,61939
河南,2024,理科,558,63132
河南,2024,理科,557,64313
河南,2024,理科,556,65558
河南,2024,理科,555,66810
河南,2024,理科,554,68050
河南,2024,理科,553,69342
河南,2024,理科,552,70602
河南,2024,理科,551,71851
河南,2024,理科,550,73108
河南,2024,理科,549,74409
河南,2024,理科,548,75686
河南,2024,理科,547,77002
河南,2024,理科,546,78339
河南,2024,理科,545,79655
河南,2024,理科,544,80952
河南,2024,理科,543,82340
河南,2024,理科,542,83672
河南,2024,理科,541,84991
河南,2024,理科,540,86324
河南,2024,理科,539,87758
河南,2024,理科,538,89194
河南,2024,理科,537,90628
河南,2024,理科,536,92030
河南,2024,理科,535,93451
河南,2024,理科,534,94894
河南,2024,理科,533,96379
河南,2024,理科,532,97837
河南,2024,理科,531,99299
河南,2024,理科,530,100737
河南,2024,理科,529,102211
河南,2024,理科,528,103674
河南,2024,理科,527,105160
河南,2024,理科,526,106610
河南,2024,理科,525,108197
河南,2024,理科,524,109654
河南,2024,理科,523,111166
河南,2024,理科,522,112738
河南,2024,理科,521,114271
河南,2024,理科,520,115830
河南,2024,理科,519,117381
河南,2024,理科,518,118997
河南,2024,理科,517,120583
河南,2024,理科,516,122158
河南,2024,理科,515,123701
河南,2024,理科,514,125279
河南,2024,理科,513,126985
河南,2024,理科,512,128582
河南,2024,理科,511,130195
河南,2024,理科,510,131720
河南,2024,理科,509,133259
河南,2024,理科,508,134903
河南,2024,理科,507,136483
河南,2024,理科,506,138119
河南,2024,理科,505,139708
河南,2024,理科,504,141292
河南,2024,理科,503,142935
河南,2024,理科,502,144581
河南,2024,理科,501,146167
河南,2024,理科,500,147838
河南,2024,理科,499,149493
河南,2024,理科,498,151084
河南,2024,理科,497,152728
河南,2024,理科,496,154335
河南,2024,理科,495,156006
河南,2024,理科,494,157652
河南,2024,理科,493,159343
河南,2024,理科,492,161015
河南,2024,理科,491,162618
河南,2024,理科,490,164286
河南,2024,理科,489,165958
河南,2024,理科,488,167608
河南,2024,理科,487,169371
河南,2024,理科,486,171003
河南,2024,理科,485,172731
河南,2024,理科,484,174483
河南,2024,理科,483,176170
河南,2024,理科,482,177930
河南,2024,理科,481,179627
河南,2024,理科,480,181368
河南,2024,理科,479,183057
河南,2024,理科,478,184813
河南,2024,理科,477,186562
河南,2024,理科,476,188251
河南,2024,理科,475,190019
河南,2024,理科,474,191769
河南,2024,理科,473,193459
河南,2024,理科,472,195178
河南,2024,理科,471,196900
河南,2024,理科,470,198702
河南,2024,理科,469,200513
河南,2024,理科,468,202264
河南,2024,理科,467,203994
河南,2024,理科,466,205769
河南,2024,理科,465,207458
河南,2024,理科,464,209249
河南,2024,理科,463,211008
河南,2024,理科,462,212758
河南,2024,理科,461,214397
河南,2024,理科,460,216209
河南,2024,理科,459,217964
河南,2024,理科,458,219683
河南,2024,理科,457,221441
河南,2024,理科,456,223279
河南,2024,理科,455,225087
河南,2024,理科,454,226897
河南,2024,理科,453,228675
河南,2024,理科,452,230437
河南,2024,理科,451,232242
河南,2024,理科,450,234011
河南,2024,理科,449,235779
河南,2024,理科,448,237583
河南,2024,理科,447,239333
河南,2024,理科,446,241179
河南,2024,理科,445,242940
河南,2024,理科,444,244694
河南,2024,理科,443,246430
河南,2024,理科,442,248270
河南,2024,理科,441,250029
河南,2024,理科,440,251873
河南,2024,理科,439,253700
河南,2024,理科,438,255455
河南,2024,理科,437,257272
河南,2024,理科,436,259136
河南,2024,理科,435,260986
河南,2024,理科,434,262825
河南,2024,理科,433,264630
河南,2024,理科,432,266394
河南,2024,理科,431,268186
河南,2024,理科,430,269913
河南,2024,理科,429,271716
河南,2024,理科,428,273476
河南,2024,理科,427,275266
河南,2024,理科,426,277048
河南,2024,理科,425,278855
河南,2024,理科,424,280612
河南,2024,理科,423,282437
河南,2024,理科,422,284235
河南,2024,理科,421,285999
河南,2024,理科,420,287723
河南,2024,理科,419,289496
河南,2024,理科,418,291288
河南,2024,理科,417,293048
河南,2024,理科,416,294822
河南,2024,理科,415,296534
河南,2024,理科,414,298277
河南,2024,理科,413,300034
河南,2024,理科,412,301799
河南,2024,理科,411,303568
河南,2024,理科,410,305325
河南,2024,理科,409,307060
河南,2024,理科,408,308792
河南,2024,理科,407,310571
河南,2024,理科,406,312314
河南,2024,理科,405,314080
河南,2024,理科,404,315812
河南,2024,理科,403,317600
河南,2024,理科,402,319291
河南,2024,理科,401,320980
河南,2024,理科,400,322650
河南,2024,理科,399,324400
河南,2024,理科,398,326147
河南,2024,理科,397,327848
河南,2024,理科,396,329573
河南,2024,理科,395,331325
河南,2024,理科,394,333030
河南,2024,理科,393,334686
河南,2024,理科,392,336443
河南,2024,理科,391,338138
河南,2024,理科,390,339808
河南,2024,理科,389,341412
河南,2024,理科,388,343097
河南,2024,理科,387,344813
河南,2024,理科,386,346485
河南,2024,理科,385,348182
河南,2024,理科,384,349846
河南,2024,理科,383,351526
河南,2024,理科,382,353188
河南,2024,理科,381,354786
河南,2024,理科,380,356412
河南,2024,理科,379,358004
河南,2024,理科,378,359547
河南,2024,理科,377,361135
河南,2024,理科,376,362696
河南,2024,理科,375,364280
河南,2024,理科,374,365905
河南,2024,理科,373,367585
河南,2024,理科,372,369159
河南,2024,理科,371,370743
河南,2024,理科,370,372350
河南,2024,理科,369,373892
河南,2024,理科,368,375509
河南,2024,理科,367,377065
河南,2024,理科,366,378641
河南,2024,理科,365,380189
河南,2024,理科,364,381755
河南,2024,理科,363,383398
河南,2024,理科,362,384919
河南,2024,理科,361,386390
河南,2024,理科,360,387938
河南,2024,理科,359,389572
河南,2024,理科,358,391042
河南,2024,理科,357,392568
河南,2024,理科,356,394052
河南,2024,理科,355,395540
河南,2024,理科,354,397043
河南,2024,理科,353,398566
河南,2024,理科,352,400052
河南,2024,理科,351,401555
河南,2024,理科,350,402997
河南,2024,理科,349,404491
河南,2024,理科,348,405932
河南,2024,理科,347,407394
河南,2024,理科,346,408869
河南,2024,理科,345,410328
河南,2024,理科,344,411855
河南,2024,理科,343,413310
河南,2024,理科,342,414729
河南,2024,理科,341,416122
河南,2024,理科,340,417577
河南,2024,理科,339,418987
河南,2024,理科,338,420442
河南,2024,理科,337,421837
河南,2024,理科,336,423218
河南,2024,理科,335,424687
河南,2024,理科,334,426115
河南,2024,理科,333,427506
河南,2024,理科,332,428876
河南,2024,理科,331,430343
河南,2024,理科,330,431669
河南,2024,理科,329,432982
河南,2024,理科,328,434379
河南,2024,理科,327,435646
河南,2024,理科,326,437003
河南,2024,理科,325,438282
河南,2024,理科,324,439640
河南,2024,理科,323,440920
河南,2024,理科,322,442270
河南,2024,理科,321,443519
河南,2024,理科,320,444801
河南,2024,理科,319,446076
河南,2024,理科,318,447407
河南,2024,理科,317,448615
河南,2024,理科,316,449896
河南,2024,理科,315,451087
河南,2024,理科,314,452338
河南,2024,理科,313,453595
河南,2024,理科,312,454827
河南,2024,理科,311,456086
河南,2024,理科,310,457279
河南,2024,理科,309,458497
河南,2024,理科,308,459738
河南,2024,理科,307,460904
河南,2024,理科,306,462082
河南,2024,理科,305,463282
河南,2024,理科,304,464500
河南,2024,理科,303,465697
河南,2024,理科,302,466873
河南,2024,理科,301,467960
河南,2024,理科,300,469081
河南,2024,理科,299,470186
河南,2024,理科,298,471278
河南,2024,理科,297,472334
河南,2024,理科,296,473469
河南,2024,理科,295,474596
河南,2024,理科,294,475770
河南,2024,理科,293,476885
河南,2024,理科,292,478010
河南,2024,理科,291,479066
河南,2024,理科,290,480129
河南,2024,理科,289,481202
河南,2024,理科,288,482229
河南,2024,理科,287,483260
河南,2024,理科,286,484294
河南,2024,理科,285,485358
河南,2024,理科,284,486358
河南,2024,理科,283,487369
河南,2024,理科,282,488399
河南,2024,理科,281,489411
河南,2024,理科,280,490447
河南,2024,理科,279,491400
河南,2024,理科,278,492429
河南,2024,理科,277,493443
河南,2024,理科,276,494424
河南,2024,理科,275,495385
河南,2024,理科,274,496336
河南,2024,理科,273,497351
河南,2024,理科,272,498256
河南,2024,理科,271,499235
河南,2024,理科,270,500157
河南,2024,理科,269,501144
河南,2024,理科,268,502079
河南,2024,理科,267,503082
河南,2024,理科,266,504037
河南,2024,理科,265,504929
河南,2024,理科,264,505858
河南,2024,理科,263,506744
河南,2024,理科,262,507586
河南,2024,理科,261,508493
河南,2024,理科,260,509356
河南,2024,理科,259,510265
河南,2024,理科,258,511157
河南,2024,理科,257,512029
河南,2024,理科,256,512961
河南,2024,理科,255,513769
河南,2024,理科,254,514601
河南,2024,理科,253,515443
河南,2024,理科,252,516260
河南,2024,理科,251,517087
河南,2024,理科,250,517889
河南,2024,理科,249,518678
河南,2024,理科,248,519509
河南,2024,理科,247,520315
河南,2024,理科,246,521157
河南,2024,理科,245,521977
河南,2024,理科,244,522777
河南,2024,理科,243,523553
河南,2024,理科,242,524312
河南,2024,理科,241,525118
河南,2024,理科,240,525852
河南,2024,理科,239,526660
河南,2024,理科,238,527453
河南,2024,理科,237,528236
河南,2024,理科,236,528986
河南,2024,理科,235,529721
河南,2024,理科,234,530460
河南,2024,理科,233,531212
河南,2024,理科,232,531944
河南,2024,理科,231,532696
河南,2024,理科,230,533383
河南,2024,理科,229,534127
河南,2024,理科,228,534851
河南,2024,理科,227,535605
河南,2024,理科,226,536267
河南,2024,理科,225,536960
河南,2024,理科,224,537637
河南,2024,理科,223,538339
河南,2024,理科,222,539012
河南,2024,理科,221,539735
河南,2024,理科,220,540386
河南,2024,理科,219,541055
河南,2024,理科,218,541667
河南,2024,理科,217,542336
河南,2024,理科,216,542972
河南,2024,理科,215,543577
河南,2024,理科,214,544206
河南,2024,理科,213,544830
河南,2024,理科,212,545447
河南,2024,理科,211,546033
河南,2024,理科,210,546631
河南,2024,理科,209,547205
河南,2024,理科,208,547765
河南,2024,理科,207,548350
河南,2024,理科,206,548951
河南,2024,理科,205,549584
河南,2024,理科,204,550156
河南,2024,理科,203,550715
河南,2024,理科,202,551249
河南,2024,理科,201,551777
河南,2024,理科,200,552326
河南,2024,理科,199,552860
河南,2024,理科,198,553404
河南,2024,理科,197,553917
河南,2024,理科,196,554418
河南,2024,理科,195,554921
河南,2024,理科,194,555396
河南,2024,理科,193,555844
河南,2024,理科,192,556344
河南,2024,理科,191,556833
河南,2024,理科,190,557281
河南,2024,理科,189,557740
河南,2024,理科,188,558199
河南,2024,理科,187,558653
河南,2024,理科,186,559121
河南,2024,理科,185,559544
河南,2024,理科,184,559969
河南,2024,理科,183,560368
河南,2024,理科,182,560795
河南,2024,理科,181,561190
河南,2024,理科,180,561585
河南,2024,理科,179,561951
河南,2024,理科,178,562344
河南,2024,理科,177,562710
河南,2024,理科,176,563081
河南,2024,理科,175,563462
河南,2024,理科,174,563839
河南,2024,理科,173,564187
河南,2024,理科,172,564573
河南,2024,理科,171,564891
河南,2024,理科,170,565217
河南,2024,理科,169,565534
河南,2024,理科,168,565868
河南,2024,理科,167,566160
河南,2024,理科,166,566412
河南,2024,理科,165,566693
河南,2024,理科,164,566986
河南,2024,理科,163,567295
河南,2024,理科,162,567545
河南,2024,理科,161,567828
河南,2024,理科,160,568095
河南,2024,理科,159,568355
河南,2024,理科,158,568567
河南,2024,理科,157,568785
河南,2024,理科,156,569016
河南,2024,理科,155,569220
河南,2024,理科,154,569414
河南,2024,理科,153,569621
河南,2024,理科,152,569834
河南,2024,理科,151,570010
河南,2024,理科,150,570200
河南,2024,理科,149,570357
河南,2024,理科,148,570525
河南,2024,理科,147,570673
河南,2024,理科,146,570832
河南,2024,理科,145,570980
河南,2024,理科,144,571114
河南,2024,理科,143,571247
河南,2024,理科,142,571356
河南,2024,理科,141,571466
河南,2024,理科,140,571582
河南,2024,理科,139,571699
河南,2024,理科,138,571803
河南,2024,理科,137,571896
河南,2024,理科,136,572005
河南,2024,理科,135,572104
河南,2024,理科,134,572189
河南,2024,理科,133,572267
河南,2024,理科,132,572341
河南,2024,理科,131,572421
河南,2024,理科,130,572487
河南,2024,理科,129,572552
河南,2024,理科,128,572617
河南,2024,理科,127,572671
河南,2024,理科,126,572717
河南,2024,理科,125,572764
河南,2024,理科,124,572818
河南,2024,理科,123,572869
河南,2024,理科,122,572910
河南,2024,理科,121,572945
河南,2024,理科,120,572998
河南,2024,理科,119,573033
河南,2024,理科,118,573069
河南,2024,理科,117,573103
河南,2024,理科,116,573145
河南,2024,理科,115,573179
河南,2024,理科,114,573205
河南,2024,理科,113,573241
河南,2024,理科,112,573264
河南,2024,理科,111,573292
河南,2024,理科,110,573319
河南,2024,理科,109,573343
河南,2024,理科,108,573363
河南,2024,理科,107,573389
河南,2024,理科,106,573404
河南,2024,理科,105,573427
河南,2024,理科,104,573452
河南,2024,理科,103,573475
河南,2024,理科,102,573489
河南,2024,理科,101,573507
河南,2024,理科,100,573517
河南,2024,文科,671,12
河南,2024,文科,670,12
河南,2024,文科,669,12
河南,2024,文科,668,13
河南,2024,文科,667,15
河南,2024,文科,666,17
河南,2024,文科,665,18
河南,2024,文科,664,19
河南,2024,文科,663,22
河南,2024,文科,662,25
河南,2024,文科,661,28
河南,2024,文科,660,28
河南,2024,文科,659,33
河南,2024,文科,658,36
河南,2024,文科,657,41
河南,2024,文科,656,44
河南,2024,文科,655,49
河南,2024,文科,654,59
河南,2024,文科,653,68
河南,2024,文科,652,76
河南,2024,文科,651,83
河南,2024,文科,650,91
河南,2024,文科,649,96
河南,2024,文科,648,101
河南,2024,文科,647,112
河南,2024,文科,646,121
河南,2024,文科,645,130
河南,2024,文科,644,142
河南,2024,文科,643,151
河南,2024,文科,642,170
河南,2024,文科,641,188
河南,2024,文科,640,208
河南,2024,文科,639,221
河南,2024,文科,638,233
河南,2024,文科,637,246
河南,2024,文科,636,260
河南,2024,文科,635,285
河南,2024,文科,634,302
河南,2024,文科,633,321
河南,2024,文科,632,340
河南,2024,文科,631,360
河南,2024,文科,630,388
河南,2024,文科,629,410
河南,2024,文科,628,428
河南,2024,文科,627,455
河南,2024,文科,626,482
河南,2024,文科,625,500
河南,2024,文科,624,539
河南,2024,文科,623,571
河南,2024,文科,622,614
河南,2024,文科,621,652
河南,2024,文科,620,690
河南,2024,文科,619,742
河南,2024,文科,618,788
河南,2024,文科,617,839
河南,2024,文科,616,887
河南,2024,文科,615,916
河南,2024,文科,614,974
河南,2024,文科,613,1038
河南,2024,文科,612,1108
河南,2024,文科,611,1163
河南,2024,文科,610,1227
河南,2024,文科,609,1292
河南,2024,文科,608,1351
河南,2024,文科,607,1416
河南,2024,文科,606,1496
河南,2024,文科,605,1570
河南,2024,文科,604,1661
河南,2024,文科,603,1723
河南,2024,文科,602,1802
河南,2024,文科,601,1902
河南,2024,文科,600,1985
河南,2024,文科,599,2083
河南,2024,文科,598,2188
河南,2024,文科,597,2288
河南,2024,文科,596,2393
河南,2024,文科,595,2503
河南,2024,文科,594,2620
河南,2024,文科,593,2728
河南,2024,文科,592,2855
河南,2024,文科,591,2990
河南,2024,文科,590,3112
河南,2024,文科,589,3241
河南,2024,文科,588,3378
河南,2024,文科,587,3514
河南,2024,文科,586,3651
河南,2024,文科,585,3808
河南,2024,文科,584,4004
河南,2024,文科,583,4196
河南,2024,文科,582,4356
河南,2024,文科,581,4526
河南,2024,文科,580,4709
河南,2024,文科,579,4869
河南,2024,文科,578,5068
河南,2024,文科,577,5265
河南,2024,文科,576,5468
河南,2024,文科,575,5676
河南,2024,文科,574,5879
河南,2024,文科,573,6088
河南,2024,文科,572,6284
河南,2024,文科,571,6515
河南,2024,文科,570,6767
河南,2024,文科,569,7002
河南,2024,文科,568,7217
河南,2024,文科,567,7469
河南,2024,文科,566,7718
河南,2024,文科,565,7940
河南,2024,文科,564,8193
河南,2024,文科,563,8497
河南,2024,文科,562,8811
河南,2024,文科,561,9080
河南,2024,文科,560,9395
河南,2024,文科,559,9687
河南,2024,文科,558,10012
河南,2024,文科,557,10292
河南,2024,文科,556,10619
河南,2024,文科,555,10923
河南,2024,文科,554,11266
河南,2024,文科,553,11610
河南,2024,文科,552,12001
河南,2024,文科,551,12326
河南,2024,文科,550,12699
河南,2024,文科,549,13056
河南,2024,文科,548,13425
河南,2024,文科,547,13805
河南,2024,文科,546,14153
河南,2024,文科,545,14531
河南,2024,文科,544,14934
河南,2024,文科,543,15332
河南,2024,文科,542,15720
河南,2024,文科,541,16148
河南,2024,文科,540,16573
河南,2024,文科,539,17011
河南,2024,文科,538,17448
河南,2024,文科,537,17884
河南,2024,文科,536,18289
河南,2024,文科,535,18736
河南,2024,文科,534,19197
河南,2024,文科,533,19675
河南,2024,文科,532,20150
河南,2024,文科,531,20613
河南,2024,文科,530,21051
河南,2024,文科,529,21553
河南,2024,文科,528,22068
河南,2024,文科,527,22561
河南,2024,文科,526,23057
河南,2024,文科,525,23548
河南,2024,文科,524,24082
河南,2024,文科,523,24648
河南,2024,文科,522,25181
河南,2024,文科,521,25688
河南,2024,文科,520,26237
河南,2024,文科,519,26743
河南,2024,文科,518,27273
河南,2024,文科,517,27870
河南,2024,文科,516,28443
河南,2024,文科,515,29013
河南,2024,文科,514,29603
河南,2024,文科,513,30160
河南,2024,文科,512,30726
河南,2024,文科,511,31332
河南,2024,文科,510,31936
河南,2024,文科,509,32551
河南,2024,文科,508,33183
河南,2024,文科,507,33787
河南,2024,文科,506,34448
河南,2024,文科,505,35107
河南,2024,文科,504,35743
河南,2024,文科,503,36361
河南,2024,文科,502,37018
河南,2024,文科,501,37674
河南,2024,文科,500,38365
河南,2024,文科,499,38998
河南,2024,文科,498,39680
河南,2024,文科,497,40367
河南,2024,文科,496,41047
河南,2024,文科,495,41702
河南,2024,文科,494,42359
河南,2024,文科,493,43048
河南,2024,文科,492,43733
河南,2024,文科,491,44425
河南,2024,文科,490,45184
河南,2024,文科,489,45924
河南,2024,文科,488,46648
河南,2024,文科,487,47394
河南,2024,文科,486,48153
河南,2024,文科,485,48861
河南,2024,文科,484,49586
河南,2024,文科,483,50315
河南,2024,文科,482,51039
河南,2024,文科,481,51831
河南,2024,文科,480,52598
河南,2024,文科,479,53329
河南,2024,文科,478,54094
河南,2024,文科,477,54915
河南,2024,文科,476,55683
河南,2024,文科,475,56502
河南,2024,文科,474,57313
河南,2024,文科,473,58074
河南,2024,文科,472,58914
河南,2024,文科,471,59729
河南,2024,文科,470,60525
河南,2024,文科,469,61381
河南,2024,文科,468,62194
河南,2024,文科,467,63016
河南,2024,文科,466,63839
河南,2024,文科,465,64708
河南,2024,文科,464,65531
河南,2024,文科,463,66389
河南,2024,文科,462,67212
河南,2024,文科,461,68095
河南,2024,文科,460,68905
河南,2024,文科,459,69738
河南,2024,文科,458,70594
河南,2024,文科,457,71460
河南,2024,文科,456,72330
河南,2024,文科,455,73188
河南,2024,文科,454,74039
河南,2024,文科,453,74880
河南,2024,文科,452,75749
河南,2024,文科,451,76655
河南,2024,文科,450,77462
河南,2024,文科,449,78317
河南,2024,文科,448,79231
河南,2024,文科,447,80118
河南,2024,文科,446,80945
河南,2024,文科,445,81801
河南,2024,文科,444,82684
河南,2024,文科,443,83577
河南,2024,文科,442,84476
河南,2024,文科,441,85422
河南,2024,文科,440,86369
河南,2024,文科,439,87279
河南,2024,文科,438,88171
河南,2024,文科,437,89086
河南,2024,文科,436,89984
河南,2024,文科,435,90950
河南,2024,文科,434,91935
河南,2024,文科,433,92844
河南,2024,文科,432,93783
河南,2024,文科,431,94756
河南,2024,文科,430,95716
河南,2024,文科,429,96702
河南,2024,文科,428,97632
河南,2024,文科,427,98536
河南,2024,文科,426,99502
河南,2024,文科,425,100480
河南,2024,文科,424,101443
河南,2024,文科,423,102361
河南,2024,文科,422,103279
河南,2024,文科,421,104214
河南,2024,文科,420,105172
河南,2024,文科,419,106137
河南,2024,文科,418,107145
河南,2024,文科,417,108140
河南,2024,文科,416,109100
河南,2024,文科,415,110064
河南,2024,文科,414,111032
河南,2024,文科,413,112018
河南,2024,文科,412,113010
河南,2024,文科,411,113991
河南,2024,文科,410,115062
河南,2024,文科,409,116073
河南,2024,文科,408,117061
河南,2024,文科,407,118080
河南,2024,文科,406,119130
河南,2024,文科,405,120171
河南,2024,文科,404,121221
河南,2024,文科,403,122317
河南,2024,文科,402,123355
河南,2024,文科,401,124423
河南,2024,文科,400,125470
河南,2024,文科,399,126542
河南,2024,文科,398,127595
河南,2024,文科,397,128701
河南,2024,文科,396,129734
河南,2024,文科,395,130725
河南,2024,文科,394,131835
河南,2024,文科,393,132909
河南,2024,文科,392,133921
河南,2024,文科,391,135035
河南,2024,文科,390,136143
河南,2024,文科,389,137189
河南,2024,文科,388,138265
河南,2024,文科,387,139363
河南,2024,文科,386,140480
河南,2024,文科,385,141559
河南,2024,文科,384,142688
河南,2024,文科,383,143815
河南,2024,文科,382,144946
河南,2024,文科,381,146084
河南,2024,文科,380,147230
河南,2024,文科,379,148347
河南,2024,文科,378,149468
河南,2024,文科,377,150585
河南,2024,文科,376,151664
河南,2024,文科,375,152758
河南,2024,文科,374,153894
河南,2024,文科,373,155055
河南,2024,文科,372,156165
河南,2024,文科,371,157276
河南,2024,文科,370,158445
河南,2024,文科,369,159575
河南,2024,文科,368,160737
河南,2024,文科,367,161929
河南,2024,文科,366,163100
河南,2024,文科,365,164357
河南,2024,文科,364,165477
河南,2024,文科,363,166696
河南,2024,文科,362,167884
河南,2024,文科,361,169090
河南,2024,文科,360,170278
河南,2024,文科,359,171475
河南,2024,文科,358,172653
河南,2024,文科,357,173834
河南,2024,文科,356,175097
河南,2024,文科,355,176357
河南,2024,文科,354,177584
河南,2024,文科,353,178774
河南,2024,文科,352,179942
河南,2024,文科,351,181104
河南,2024,文科,350,182257
河南,2024,文科,349,183468
河南,2024,文科,348,184634
河南,2024,文科,347,185940
河南,2024,文科,346,187140
河南,2024,文科,345,188463
河南,2024,文科,344,189699
河南,2024,文科,343,190897
河南,2024,文科,342,192108
河南,2024,文科,341,193331
河南,2024,文科,340,194558
河南,2024,文科,339,195775
河南,2024,文科,338,197027
河南,2024,文科,337,198241
河南,2024,文科,336,199480
河南,2024,文科,335,200717
河南,2024,文科,334,202002
河南,2024,文科,333,203234
河南,2024,文科,332,204486
河南,2024,文科,331,205713
河南,2024,文科,330,206957
河南,2024,文科,329,208211
河南,2024,文科,328,209403
河南,2024,文科,327,210592
河南,2024,文科,326,211760
河南,2024,文科,325,213040
河南,2024,文科,324,214351
河南,2024,文科,323,215623
河南,2024,文科,322,216878
河南,2024,文科,321,218174
河南,2024,文科,320,219452
河南,2024,文科,319,220718
河南,2024,文科,318,221992
河南,2024,文科,317,223287
河南,2024,文科,316,224523
河南,2024,文科,315,225815
河南,2024,文科,314,227080
河南,2024,文科,313,228379
河南,2024,文科,312,229627
河南,2024,文科,311,230920
河南,2024,文科,310,232209
河南,2024,文科,309,233498
河南,2024,文科,308,234756
河南,2024,文科,307,236020
河南,2024,文科,306,237327
河南,2024,文科,305,238627
河南,2024,文科,304,239914
河南,2024,文科,303,241204
河南,2024,文科,302,242461
河南,2024,文科,301,243749
河南,2024,文科,300,244976
河南,2024,文科,299,246202
河南,2024,文科,298,247438
河南,2024,文科,297,248630
河南,2024,文科,296,249886
河南,2024,文科,295,251120
河南,2024,文科,294,252368
河南,2024,文科,293,253640
河南,2024,文科,292,254911
河南,2024,文科,291,256092
河南,2024,文科,290,257358
河南,2024,文科,289,258571
河南,2024,文科,288,259838
河南,2024,文科,287,261047
河南,2024,文科,286,262255
河南,2024,文科,285,263497
河南,2024,文科,284,264738
河南,2024,文科,283,265935
河南,2024,文科,282,267117
河南,2024,文科,281,268309
河南,2024,文科,280,269551
河南,2024,文科,279,270820
河南,2024,文科,278,272001
河南,2024,文科,277,273234
河南,2024,文科,276,274439
河南,2024,文科,275,275628
河南,2024,文科,274,276828
河南,2024,文科,273,278008
河南,2024,文科,272,279162
河南,2024,文科,271,280373
河南,2024,文科,270,281528
河南,2024,文科,269,282658
河南,2024,文科,268,283843
河南,2024,文科,267,284997
河南,2024,文科,266,286103
河南,2024,文科,265,287210
河南,2024,文科,264,288348
河南,2024,文科,263,289491
河南,2024,文科,262,290595
河南,2024,文科,261,291722
河南,2024,文科,260,292896
河南,2024,文科,259,294037
河南,2024,文科,258,295137
河南,2024,文科,257,296255
河南,2024,文科,256,297318
河南,2024,文科,255,298370
河南,2024,文科,254,299463
河南,2024,文科,253,300495
河南,2024,文科,252,301559
河南,2024,文科,251,302622
河南,2024,文科,250,303652
河南,2024,文科,249,304651
河南,2024,文科,248,305676
河南,2024,文科,247,306767
河南,2024,文科,246,307795
河南,2024,文科,245,308785
河南,2024,文科,244,309696
河南,2024,文科,243,310681
河南,2024,文科,242,311614
河南,2024,文科,241,312567
河南,2024,文科,240,313531
河南,2024,文科,239,314516
河南,2024,文科,238,315422
河南,2024,文科,237,316372
河南,2024,文科,236,317293
河南,2024,文科,235,318180
河南,2024,文科,234,319122
河南,2024,文科,233,319989
河南,2024,文科,232,320871
河南,2024,文科,231,321725
河南,2024,文科,230,322590
河南,2024,文科,229,323482
河南,2024,文科,228,324346
河南,2024,文科,227,325157
河南,2024,文科,226,325997
河南,2024,文科,225,326841
河南,2024,文科,224,327615
河南,2024,文科,223,328423
河南,2024,文科,222,329178
河南,2024,文科,221,329979
河南,2024,文科,220,330738
河南,2024,文科,219,331470
河南,2024,文科,218,332192
河南,2024,文科,217,332875
河南,2024,文科,216,333579
河南,2024,文科,215,334254
河南,2024,文科,214,334890
河南,2024,文科,213,335553
河南,2024,文科,212,336258
河南,2024,文科,211,336911
河南,2024,文科,210,337551
河南,2024,文科,209,338195
河南,2024,文科,208,338782
河南,2024,文科,207,339422
河南,2024,文科,206,340007
河南,2024,文科,205,340559
河南,2024,文科,204,341143
河南,2024,文科,203,341691
河南,2024,文科,202,342249
河南,2024,文科,201,342810
河南,2024,文科,200,343308
河南,2024,文科,199,343848
河南,2024,文科,198,344345
河南,2024,文科,197,344806
河南,2024,文科,196,345303
河南,2024,文科,195,345807
河南,2024,文科,194,346227
河南,2024,文科,193,346661
河南,2024,文科,192,347091
河南,2024,文科,191,347496
河南,2024,文科,190,347886
河南,2024,文科,189,348302
河南,2024,文科,188,348714
河南,2024,文科,187,349099
河南,2024,文科,186,349491
河南,2024,文科,185,349859
河南,2024,文科,184,350200
河南,2024,文科,183,350542
河南,2024,文科,182,350864
河南,2024,文科,181,351158
河南,2024,文科,180,351432
河南,2024,文科,179,351716
河南,2024,文科,178,352012
河南,2024,文科,177,352305
河南,2024,文科,176,352540
河南,2024,文科,175,352789
河南,2024,文科,174,353020
河南,2024,文科,173,353282
河南,2024,文科,172,353501
河南,2024,文科,171,353697
河南,2024,文科,170,353871
河南,2024,文科,169,354094
河南,2024,文科,168,354310
河南,2024,文科,167,354483
河南,2024,文科,166,354660
河南,2024,文科,165,354835
河南,2024,文科,164,354994
河南,2024,文科,163,355167
河南,2024,文科,162,355337
河南,2024,文科,161,355519
河南,2024,文科,160,355683
河南,2024,文科,159,355839
河南,2024,文科,158,355983
河南,2024,文科,157,356112
河南,2024,文科,156,356236
河南,2024,文科,155,356354
河南,2024,文科,154,356467
河南,2024,文科,153,356568
河南,2024,文科,152,356659
河南,2024,文科,151,356763
河南,2024,文科,150,356856
河南,2024,文科,149,356970
河南,2024,文科,148,357043
河南,2024,文科,147,357122
河南,2024,文科,146,357201
河南,2024,文科,145,357290
河南,2024,文科,144,357374
河南,2024,文科,143,357447
河南,2024,文科,142,357503
河南,2024,文科,141,357567
河南,2024,文科,140,357631
河南,2024,文科,139,357685
河南,2024,文科,138,357753
河南,2024,文科,137,357801
河南,2024,文科,136,357863
河南,2024,文科,135,357923
河南,2024,文科,134,357973
河南,2024,文科,133,358015
河南,2024,文科,132,358063
河南,2024,文科,131,358107
河南,2024,文科,130,358150
河南,2024,文科,129,358180
河南,2024,文科,128,358231
河南,2024,文科,127,358262
河南,2024,文科,126,358295
河南,2024,文科,125,358331
河南,2024,文科,124,358361
河南,2024,文科,123,358386
河南,2024,文科,122,358420
河南,2024,文科,121,358450
河南,2024,文科,120,358482
河南,2024,文科,119,358508
河南,2024,文科,118,358544
河南,2024,文科,117,358571
河南,2024,文科,116,358605
河南,2024,文科,115,358637
河南,2024,文科,114,358667
河南,2024,文科,113,358685
河南,2024,文科,112,358705
河南,2024,文科,111,358732
河南,2024,文科,110,358758
河南,2024,文科,109,358782
河南,2024,文科,108,358801
河南,2024,文科,107,358825
河南,2024,文科,106,358847
河南,2024,文科,105,358863
河南,2024,文科,104,358889
河南,2024,文科,103,358901
河南,2024,文科,102,358925
河南,2024,文科,101,358941
河南,2024,文科,100,358962
河南,2023,理科,710,11
河南,2023,理科,709,12
河南,2023,理科,708,16
河南,2023,理科,707,21
河南,2023,理科,706,28
河南,2023,理科,705,34
河南,2023,理科,704,40
河南,2023,理科,703,45
河南,2023,理科,702,55
河南,2023,理科,701,63
河南,2023,理科,700,74
河南,2023,理科,699,80
河南,2023,理科,698,94
河南,2023,理科,697,98
河南,2023,理科,696,109
河南,2023,理科,695,127
河南,2023,理科,694,147
河南,2023,理科,693,163
河南,2023,理科,692,170
河南,2023,理科,691,198
河南,2023,理科,690,219
河南,2023,理科,689,239
河南,2023,理科,688,270
河南,2023,理科,687,297
河南,2023,理科,686,327
河南,2023,理科,685,358
河南,2023,理科,684,394
河南,2023,理科,683,431
河南,2023,理科,682,481
河南,2023,理科,681,518
河南,2023,理科,680,546
河南,2023,理科,679,585
河南,2023,理科,678,621
河南,2023,理科,677,682
河南,2023,理科,676,738
河南,2023,理科,675,784
河南,2023,理科,674,852
河南,2023,理科,673,914
河南,2023,理科,672,969
河南,2023,理科,671,1031
河南,2023,理科,670,1089
河南,2023,理科,669,1165
河南,2023,理科,668,1232
河南,2023,理科,667,1319
河南,2023,理科,666,1407
河南,2023,理科,665,1482
河南,2023,理科,664,1571
河南,2023,理科,663,1652
河南,2023,理科,662,1741
河南,2023,理科,661,1842
河南,2023,理科,660,1934
河南,2023,理科,659,2043
河南,2023,理科,658,2159
河南,2023,理科,657,2272
河南,2023,理科,656,2390
河南,2023,理科,655,2514
河南,2023,理科,654,2672
河南,2023,理科,653,2804
河南,2023,理科,652,2956
河南,2023,理科,651,3116
河南,2023,理科,650,3275
河南,2023,理科,649,3414
河南,2023,理科,648,3581
河南,2023,理科,647,3746
河南,2023,理科,646,3921
河南,2023,理科,645,4102
河南,2023,理科,644,4301
河南,2023,理科,643,4496
河南,2023,理科,642,4712
河南,2023,理科,641,4934
河南,2023,理科,640,5126
河南,2023,理科,639,5359
河南,2023,理科,638,5568
河南,2023,理科,637,5800
河南,2023,理科,636,6059
河南,2023,理科,635,6311
河南,2023,理科,634,6603
河南,2023,理科,633,6878
河南,2023,理科,632,7185
河南,2023,理科,631,7493
河南,2023,理科,630,7810
河南,2023,理科,629,8100
河南,2023,理科,628,8437
河南,2023,理科,627,8771
河南,2023,理科,626,9098
河南,2023,理科,625,9462
河南,2023,理科,624,9823
河南,2023,理科,623,10186
河南,2023,理科,622,10580
河南,2023,理科,621,10964
河南,2023,理科,620,11310
河南,2023,理科,619,11731
河南,2023,理科,618,12162
河南,2023,理科,617,12626
河南,2023,理科,616,13053
河南,2023,理科,615,13508
河南,2023,理科,614,13937
河南,2023,理科,613,14404
河南,2023,理科,612,14902
河南,2023,理科,611,15415
河南,2023,理科,610,15925
河南,2023,理科,609,16466
河南,2023,理科,608,17028
河南,2023,理科,607,17545
河南,2023,理科,606,18105
河南,2023,理科,605,18689
河南,2023,理科,604,19248
河南,2023,理科,603,19849
河南,2023,理科,602,20418
河南,2023,理科,601,21021
河南,2023,理科,600,21690
河南,2023,理科,599,22358
河南,2023,理科,598,23029
河南,2023,理科,597,23710
河南,2023,理科,596,24444
河南,2023,理科,595,25156
河南,2023,理科,594,25874
河南,2023,理科,593,26587
河南,2023,理科,592,27318
河南,2023,理科,591,28052
河南,2023,理科,590,28881
河南,2023,理科,589,29681
河南,2023,理科,588,30481
河南,2023,理科,587,31315
河南,2023,理科,586,32135
河南,2023,理科,585,33012
河南,2023,理科,584,33845
河南,2023,理科,583,34767
河南,2023,理科,582,35635
河南,2023,理科,581,36540
河南,2023,理科,580,37479
河南,2023,理科,579,38365
河南,2023,理科,578,39314
河南,2023,理科,577,40252
河南,2023,理科,576,41196
河南,2023,理科,575,42149
河南,2023,理科,574,43114
河南,2023,理科,573,44106
河南,2023,理科,572,45094
河南,2023,理科,571,46132
河南,2023,理科,570,47216
河南,2023,理科,569,48276
河南,2023,理科,568,49343
河南,2023,理科,567,50409
河南,2023,理科,566,51529
河南,2023,理科,565,52597
河南,2023,理科,564,53716
河南,2023,理科,563,54864
河南,2023,理科,562,55999
河南,2023,理科,561,57115
河南,2023,理科,560,58304
河南,2023,理科,559,59481
河南,2023,理科,558,60657
河南,2023,理科,557,61944
河南,2023,理科,556,63193
河南,2023,理科,555,64505
河南,2023,理科,554,65789
河南,2023,理科,553,67050
河南,2023,理科,552,68278
河南,2023,理科,551,69662
河南,2023,理科,550,70991
河南,2023,理科,549,72337
河南,2023,理科,548,73607
河南,2023,理科,547,74961
河南,2023,理科,546,76354
河南,2023,理科,545,77768
河南,2023,理科,544,79143
河南,2023,理科,543,80568
河南,2023,理科,542,81975
河南,2023,理科,541,83430
河南,2023,理科,540,84884
河南,2023,理科,539,86255
河南,2023,理科,538,87738
河南,2023,理科,537,89231
河南,2023,理科,536,90770
河南,2023,理科,535,92225
河南,2023,理科,534,93677
河南,2023,理科,533,95116
河南,2023,理科,532,96633
河南,2023,理科,531,98157
河南,2023,理科,530,99673
河南,2023,理科,529,101260
河南,2023,理科,528,102802
河南,2023,理科,527,104360
河南,2023,理科,526,105904
河南,2023,理科,525,107463
河南,2023,理科,524,109013
河南,2023,理科,523,110642
河南,2023,理科,522,112300
河南,2023,理科,521,113938
河南,2023,理科,520,115516
河南,2023,理科,519,117138
河南,2023,理科,518,118760
河南,2023,理科,517,120414
河南,2023,理科,516,122128
河南,2023,理科,515,123771
河南,2023,理科,514,125465
河南,2023,理科,513,127155
河南,2023,理科,512,128863
河南,2023,理科,511,130500
河南,2023,理科,510,132206
河南,2023,理科,509,133928
河南,2023,理科,508,135648
河南,2023,理科,507,137351
河南,2023,理科,506,139053
河南,2023,理科,505,140854
河南,2023,理科,504,142648
河南,2023,理科,503,144399
河南,2023,理科,502,146079
河南,2023,理科,501,147888
河南,2023,理科,500,149644
河南,2023,理科,499,151419
河南,2023,理科,498,153160
河南,2023,理科,497,154946
河南,2023,理科,496,156724
河南,2023,理科,495,158506
河南,2023,理科,494,160353
河南,2023,理科,493,162074
河南,2023,理科,492,163896
河南,2023,理科,491,165708
河南,2023,理科,490,167514
河南,2023,理科,489,169362
河南,2023,理科,488,171116
河南,2023,理科,487,172946
河南,2023,理科,486,174777
河南,2023,理科,485,176563
河南,2023,理科,484,178469
河南,2023,理科,483,180297
河南,2023,理科,482,182126
河南,2023,理科,481,184018
河南,2023,理科,480,185833
河南,2023,理科,479,187640
河南,2023,理科,478,189445
河南,2023,理科,477,191323
河南,2023,理科,476,193156
河南,2023,理科,475,195041
河南,2023,理科,474,197003
河南,2023,理科,473,198806
河南,2023,理科,472,200616
河南,2023,理科,471,202505
河南,2023,理科,470,204468
河南,2023,理科,469,206385
河南,2023,理科,468,208260
河南,2023,理科,467,210220
河南,2023,理科,466,212192
河南,2023,理科,465,214176
河南,2023,理科,464,216090
河南,2023,理科,463,217952
河南,2023,理科,462,219911
河南,2023,理科,461,221856
河南,2023,理科,460,223738
河南,2023,理科,459,225698
河南,2023,理科,458,227633
河南,2023,理科,457,229602
河南,2023,理科,456,231580
河南,2023,理科,455,233549
河南,2023,理科,454,235469
河南,2023,理科,453,237404
河南,2023,理科,452,239276
河南,2023,理科,451,241174
河南,2023,理科,450,243094
河南,2023,理科,449,245035
河南,2023,理科,448,247029
河南,2023,理科,447,249000
河南,2023,理科,446,250931
河南,2023,理科,445,252817
河南,2023,理科,444,254693
河南,2023,理科,443,256642
河南,2023,理科,442,258525
河南,2023,理科,441,260429
河南,2023,理科,440,262241
河南,2023,理科,439,264262
河南,2023,理科,438,266148
河南,2023,理科,437,268026
河南,2023,理科,436,269959
河南,2023,理科,435,271868
河南,2023,理科,434,273775
河南,2023,理科,433,275766
河南,2023,理科,432,277702
河南,2023,理科,431,279582
河南,2023,理科,430,281485
河南,2023,理科,429,283404
河南,2023,理科,428,285277
河南,2023,理科,427,287135
河南,2023,理科,426,289014
河南,2023,理科,425,290883
河南,2023,理科,424,292709
河南,2023,理科,423,294589
河南,2023,理科,422,296409
河南,2023,理科,421,298246
河南,2023,理科,420,300076
河南,2023,理科,419,301909
河南,2023,理科,418,303789
河南,2023,理科,417,305605
河南,2023,理科,416,307409
河南,2023,理科,415,309237
河南,2023,理科,414,311112
河南,2023,理科,413,312965
河南,2023,理科,412,314815
河南,2023,理科,411,316583
河南,2023,理科,410,318459
河南,2023,理科,409,320263
河南,2023,理科,408,322041
河南,2023,理科,407,323853
河南,2023,理科,406,325658
河南,2023,理科,405,327414
河南,2023,理科,404,329152
河南,2023,理科,403,330867
河南,2023,理科,402,332667
河南,2023,理科,401,334434
河南,2023,理科,400,336219
河南,2023,理科,399,337950
河南,2023,理科,398,339673
河南,2023,理科,397,341393
河南,2023,理科,396,343060
河南,2023,理科,395,344766
河南,2023,理科,394,346484
河南,2023,理科,393,348187
河南,2023,理科,392,349831
河南,2023,理科,391,351493
河南,2023,理科,390,353148
河南,2023,理科,389,354813
河南,2023,理科,388,356437
河南,2023,理科,387,358073
河南,2023,理科,386,359611
河南,2023,理科,385,361205
河南,2023,理科,384,362807
河南,2023,理科,383,364431
河南,2023,理科,382,365991
河南,2023,理科,381,367562
河南,2023,理科,380,369185
河南,2023,理科,379,370708
河南,2023,理科,378,372260
河南,2023,理科,377,373803
河南,2023,理科,376,375417
河南,2023,理科,375,376940
河南,2023,理科,374,378425
河南,2023,理科,373,379936
河南,2023,理科,372,381419
河南,2023,理科,371,382929
河南,2023,理科,370,384414
河南,2023,理科,369,385935
河南,2023,理科,368,387410
河南,2023,理科,367,388876
河南,2023,理科,366,390311
河南,2023,理科,365,391850
河南,2023,理科,364,393328
河南,2023,理科,363,394738
河南,2023,理科,362,396151
河南,2023,理科,361,397644
河南,2023,理科,360,399057
河南,2023,理科,359,400479
河南,2023,理科,358,401910
河南,2023,理科,357,403331
河南,2023,理科,356,404675
河南,2023,理科,355,406034
河南,2023,理科,354,407397
河南,2023,理科,353,408748
河南,2023,理科,352,410156
河南,2023,理科,351,411520
河南,2023,理科,350,412838
河南,2023,理科,349,414124
河南,2023,理科,348,415452
河南,2023,理科,347,416744
河南,2023,理科,346,417958
河南,2023,理科,345,419253
河南,2023,理科,344,420575
河南,2023,理科,343,421775
河南,2023,理科,342,423067
河南,2023,理科,341,424296
河南,2023,理科,340,425527
河南,2023,理科,339,426745
河南,2023,理科,338,427945
河南,2023,理科,337,429138
河南,2023,理科,336,430374
河南,2023,理科,335,431597
河南,2023,理科,334,432766
河南,2023,理科,333,433940
河南,2023,理科,332,435117
河南,2023,理科,331,436250
河南,2023,理科,330,437365
河南,2023,理科,329,438472
河南,2023,理科,328,439523
河南,2023,理科,327,440703
河南,2023,理科,326,441852
河南,2023,理科,325,442932
河南,2023,理科,324,444009
河南,2023,理科,323,445062
河南,2023,理科,322,446084
河南,2023,理科,321,447113
河南,2023,理科,320,448216
河南,2023,理科,319,449238
河南,2023,理科,318,450231
河南,2023,理科,317,451317
河南,2023,理科,316,452359
河南,2023,理科,315,453433
河南,2023,理科,314,454489
河南,2023,理科,313,455496
河南,2023,理科,312,456434
河南,2023,理科,311,457427
河南,2023,理科,310,458405
河南,2023,理科,309,459368
河南,2023,理科,308,460325
河南,2023,理科,307,461254
河南,2023,理科,306,462201
河南,2023,理科,305,463158
河南,2023,理科,304,464089
河南,2023,理科,303,465045
河南,2023,理科,302,465996
河南,2023,理科,301,466903
河南,2023,理科,300,467829
河南,2023,理科,299,468732
河南,2023,理科,298,469573
河南,2023,理科,297,470468
河南,2023,理科,296,471371
河南,2023,理科,295,472240
河南,2023,理科,294,473089
河南,2023,理科,293,473931
河南,2023,理科,292,474762
河南,2023,理科,291,475558
河南,2023,理科,290,476377
河南,2023,理科,289,477210
河南,2023,理科,288,478024
河南,2023,理科,287,478838
河南,2023,理科,286,479626
河南,2023,理科,285,480404
河南,2023,理科,284,481234
河南,2023,理科,283,482005
河南,2023,理科,282,482832
河南,2023,理科,281,483613
河南,2023,理科,280,484365
河南,2023,理科,279,485079
河南,2023,理科,278,485850
河南,2023,理科,277,486615
河南,2023,理科,276,487334
河南,2023,理科,275,488039
河南,2023,理科,274,488776
河南,2023,理科,273,489497
河南,2023,理科,272,490229
河南,2023,理科,271,490946
河南,2023,理科,270,491651
河南,2023,理科,269,492339
河南,2023,理科,268,493044
河南,2023,理科,267,493735
河南,2023,理科,266,494386
河南,2023,理科,265,495041
河南,2023,理科,264,495691
河南,2023,理科,263,496320
河南,2023,理科,262,497020
河南,2023,理科,261,497702
河南,2023,理科,260,498297
河南,2023,理科,259,498867
河南,2023,理科,258,499495
河南,2023,理科,257,500110
河南,2023,理科,256,500715
河南,2023,理科,255,501333
河南,2023,理科,254,501942
河南,2023,理科,253,502523
河南,2023,理科,252,503122
河南,2023,理科,251,503678
河南,2023,理科,250,504210
河南,2023,理科,249,504764
河南,2023,理科,248,505329
河南,2023,理科,247,505897
河南,2023,理科,246,506431
河南,2023,理科,245,506952
河南,2023,理科,244,507519
河南,2023,理科,243,508043
河南,2023,理科,242,508538
河南,2023,理科,241,509042
河南,2023,理科,240,509566
河南,2023,理科,239,510069
河南,2023,理科,238,510601
河南,2023,理科,237,511074
河南,2023,理科,236,511560
河南,2023,理科,235,512041
河南,2023,理科,234,512496
河南,2023,理科,233,512975
河南,2023,理科,232,513444
河南,2023,理科,231,513924
河南,2023,理科,230,514374
河南,2023,理科,229,514826
河南,2023,理科,228,515297
河南,2023,理科,227,515771
河南,2023,理科,226,516153
河南,2023,理科,225,516558
河南,2023,理科,224,516985
河南,2023,理科,223,517413
河南,2023,理科,222,517847
河南,2023,理科,221,518252
河南,2023,理科,220,518671
河南,2023,理科,219,519061
河南,2023,理科,218,519481
河南,2023,理科,217,519900
河南,2023,理科,216,520315
河南,2023,理科,215,520732
河南,2023,理科,214,521127
河南,2023,理科,213,521486
河南,2023,理科,212,521851
河南,2023,理科,211,522209
河南,2023,理科,210,522555
河南,2023,理科,209,522908
河南,2023,理科,208,523255
河南,2023,理科,207,523586
河南,2023,理科,206,523962
河南,2023,理科,205,524279
河南,2023,理科,204,524617
河南,2023,理科,203,524909
河南,2023,理科,202,525240
河南,2023,理科,201,525566
河南,2023,理科,200,525869
河南,2023,理科,199,526202
河南,2023,理科,198,526527
河南,2023,理科,197,526794
河南,2023,理科,196,527083
河南,2023,理科,195,527376
河南,2023,理科,194,527682
河南,2023,理科,193,527980
河南,2023,理科,192,528264
河南,2023,理科,191,528543
河南,2023,理科,190,528805
河南,2023,理科,189,529067
河南,2023,理科,188,529323
河南,2023,理科,187,529591
河南,2023,理科,186,529851
河南,2023,理科,185,530084
河南,2023,理科,184,530343
河南,2023,理科,183,530569
河南,2023,理科,182,530792
河南,2023,理科,181,531035
河南,2023,理科,180,531281
河南,2023,理科,179,531523
河南,2023,理科,178,531750
河南,2023,理科,177,531955
河南,2023,理科,176,532146
河南,2023,理科,175,532350
河南,2023,理科,174,532546
河南,2023,理科,173,532756
河南,2023,理科,172,532966
河南,2023,理科,171,533133
河南,2023,理科,170,533355
河南,2023,理科,169,533551
河南,2023,理科,168,533743
河南,2023,理科,167,533923
河南,2023,理科,166,534104
河南,2023,理科,165,534287
河南,2023,理科,164,534463
河南,2023,理科,163,534627
河南,2023,理科,162,534794
河南,2023,理科,161,534953
河南,2023,理科,160,535103
河南,2023,理科,159,535236
河南,2023,理科,158,535398
河南,2023,理科,157,535538
河南,2023,理科,156,535696
河南,2023,理科,155,535848
河南,2023,理科,154,535981
河南,2023,理科,153,536103
河南,2023,理科,152,536252
河南,2023,理科,151,536360
河南,2023,理科,150,536487
河南,2023,理科,149,536599
河南,2023,理科,148,536721
河南,2023,理科,147,536824
河南,2023,理科,146,536943
河南,2023,理科,145,537057
河南,2023,理科,144,537165
河南,2023,理科,143,537248
河南,2023,理科,142,537348
河南,2023,理科,141,537439
河南,2023,理科,140,537541
河南,2023,理科,139,537632
河南,2023,理科,138,537708
河南,2023,理科,137,537788
河南,2023,理科,136,537867
河南,2023,理科,135,537951
河南,2023,理科,134,538016
河南,2023,理科,133,538090
河南,2023,理科,132,538156
河南,2023,理科,131,538227
河南,2023,理科,130,538306
河南,2023,理科,129,538368
河南,2023,理科,128,538426
河南,2023,理科,127,538487
河南,2023,理科,126,538535
河南,2023,理科,125,538582
河南,2023,理科,124,538634
河南,2023,理科,123,538687
河南,2023,理科,122,538722
河南,2023,理科,121,538768
河南,2023,理科,120,538818
河南,2023,理科,119,538856
河南,2023,理科,118,538902
河南,2023,理科,117,538948
河南,2023,理科,116,538984
河南,2023,理科,115,539030
河南,2023,理科,114,539069
河南,2023,理科,113,539110
河南,2023,理科,112,539143
河南,2023,理科,111,539172
河南,2023,理科,110,539201
河南,2023,理科,109,539229
河南,2023,理科,108,539249
河南,2023,理科,107,539276
河南,2023,理科,106,539301
河南,2023,理科,105,539327
河南,2023,理科,104,539350
河南,2023,理科,103,539376
河南,2023,理科,102,539394
河南,2023,理科,101,539419
河南,2023,理科,100,539447
河南,2023,文科,685,10
河南,2023,文科,681,15
河南,2023,文科,679,19
河南,2023,文科,678,21
河南,2023,文科,677,24
河南,2023,文科,676,26
河南,2023,文科,675,32
河南,2023,文科,674,35
河南,2023,文科,673,41
河南,2023,文科,672,46
河南,2023,文科,671,49
河南,2023,文科,670,57
河南,2023,文科,669,67
河南,2023,文科,668,76
河南,2023,文科,667,85
河南,2023,文科,666,94
河南,2023,文科,665,108
河南,2023,文科,664,115
河南,2023,文科,663,129
河南,2023,文科,662,140
河南,2023,文科,661,162
河南,2023,文科,660,169
河南,2023,文科,659,181
河南,2023,文科,658,194
河南,2023,文科,657,213
河南,2023,文科,656,232
河南,2023,文科,655,254
河南,2023,文科,654,273
河南,2023,文科,653,295
河南,2023,文科,652,312
河南,2023,文科,651,339
河南,2023,文科,650,358
河南,2023,文科,649,375
河南,2023,文科,648,396
河南,2023,文科,647,424
河南,2023,文科,646,453
河南,2023,文科,645,480
河南,2023,文科,644,515
河南,2023,文科,643,544
河南,2023,文科,642,573
河南,2023,文科,641,619
河南,2023,文科,640,652
河南,2023,文科,639,700
河南,2023,文科,638,744
河南,2023,文科,637,793
河南,2023,文科,636,839
河南,2023,文科,635,886
河南,2023,文科,634,927
河南,2023,文科,633,989
河南,2023,文科,632,1041
河南,2023,文科,631,1103
河南,2023,文科,630,1168
河南,2023,文科,629,1233
河南,2023,文科,628,1310
河南,2023,文科,627,1386
河南,2023,文科,626,1451
河南,2023,文科,625,1528
河南,2023,文科,624,1595
河南,2023,文科,623,1676
河南,2023,文科,622,1767
河南,2023,文科,621,1861
河南,2023,文科,620,1954
河南,2023,文科,619,2053
河南,2023,文科,618,2147
河南,2023,文科,617,2240
河南,2023,文科,616,2356
河南,2023,文科,615,2482
河南,2023,文科,614,2600
河南,2023,文科,613,2720
河南,2023,文科,612,2853
河南,2023,文科,611,2985
河南,2023,文科,610,3112
河南,2023,文科,609,3260
河南,2023,文科,608,3394
河南,2023,文科,607,3541
河南,2023,文科,606,3681
河南,2023,文科,605,3838
河南,2023,文科,604,3990
河南,2023,文科,603,4164
河南,2023,文科,602,4335
河南,2023,文科,601,4492
河南,2023,文科,600,4685
河南,2023,文科,599,4867
河南,2023,文科,598,5035
河南,2023,文科,597,5216
河南,2023,文科,596,5430
河南,2023,文科,595,5618
河南,2023,文科,594,5816
河南,2023,文科,593,6067
河南,2023,文科,592,6256
河南,2023,文科,591,6468
河南,2023,文科,590,6734
河南,2023,文科,589,6955
河南,2023,文科,588,7217
河南,2023,文科,587,7495
河南,2023,文科,586,7755
河南,2023,文科,585,8045
河南,2023,文科,584,8335
河南,2023,文科,583,8647
河南,2023,文科,582,8929
河南,2023,文科,581,9252
河南,2023,文科,580,9567
河南,2023,文科,579,9919
河南,2023,文科,578,10258
河南,2023,文科,577,10636
河南,2023,文科,576,10980
河南,2023,文科,575,11312
河南,2023,文科,574,11649
河南,2023,文科,573,11988
河南,2023,文科,572,12361
河南,2023,文科,571,12758
河南,2023,文科,570,13130
河南,2023,文科,569,13524
河南,2023,文科,568,13933
河南,2023,文科,567,14300
河南,2023,文科,566,14694
河南,2023,文科,565,15078
河南,2023,文科,564,15484
河南,2023,文科,563,15937
河南,2023,文科,562,16394
河南,2023,文科,561,16864
河南,2023,文科,560,17388
河南,2023,文科,559,17865
河南,2023,文科,558,18371
河南,2023,文科,557,18861
河南,2023,文科,556,19379
河南,2023,文科,555,19907
河南,2023,文科,554,20464
河南,2023,文科,553,21011
河南,2023,文科,552,21540
河南,2023,文科,551,22132
河南,2023,文科,550,22698
河南,2023,文科,549,23282
河南,2023,文科,548,23831
河南,2023,文科,547,24386
河南,2023,文科,546,24938
河南,2023,文科,545,25536
河南,2023,文科,544,26174
河南,2023,文科,543,26791
河南,2023,文科,542,27428
河南,2023,文科,541,28035
河南,2023,文科,540,28646
河南,2023,文科,539,29286
河南,2023,文科,538,29932
河南,2023,文科,537,30602
河南,2023,文科,536,31297
河南,2023,文科,535,31980
河南,2023,文科,534,32697
河南,2023,文科,533,33412
河南,2023,文科,532,34153
河南,2023,文科,531,34873
河南,2023,文科,530,35614
河南,2023,文科,529,36366
河南,2023,文科,528,37150
河南,2023,文科,527,37925
河南,2023,文科,526,38692
河南,2023,文科,525,39465
河南,2023,文科,524,40213
河南,2023,文科,523,41006
河南,2023,文科,522,41762
河南,2023,文科,521,42606
河南,2023,文科,520,43401
河南,2023,文科,519,44191
河南,2023,文科,518,45001
河南,2023,文科,517,45874
河南,2023,文科,516,46681
河南,2023,文科,515,47550
河南,2023,文科,514,48434
河南,2023,文科,513,49322
河南,2023,文科,512,50271
河南,2023,文科,511,51170
河南,2023,文科,510,52072
河南,2023,文科,509,52940
河南,2023,文科,508,53842
河南,2023,文科,507,54739
河南,2023,文科,506,55694
河南,2023,文科,505,56660
河南,2023,文科,504,57594
河南,2023,文科,503,58552
河南,2023,文科,502,59523
河南,2023,文科,501,60463
河南,2023,文科,500,61450
河南,2023,文科,499,62431
河南,2023,文科,498,63418
河南,2023,文科,497,64494
河南,2023,文科,496,65488
河南,2023,文科,495,66442
河南,2023,文科,494,67461
河南,2023,文科,493,68466
河南,2023,文科,492,69544
河南,2023,文科,491,70584
河南,2023,文科,490,71671
河南,2023,文科,489,72712
河南,2023,文科,488,73795
河南,2023,文科,487,74845
河南,2023,文科,486,75936
河南,2023,文科,485,76959
河南,2023,文科,484,78045
河南,2023,文科,483,79190
河南,2023,文科,482,80259
河南,2023,文科,481,81310
河南,2023,文科,480,82422
河南,2023,文科,479,83482
河南,2023,文科,478,84597
河南,2023,文科,477,85701
河南,2023,文科,476,86775
河南,2023,文科,475,87898
河南,2023,文科,474,88985
河南,2023,文科,473,90113
河南,2023,文科,472,91243
河南,2023,文科,471,92333
河南,2023,文科,470,93542
河南,2023,文科,469,94646
河南,2023,文科,468,95805
河南,2023,文科,467,96864
河南,2023,文科,466,97978
河南,2023,文科,465,99108
河南,2023,文科,464,100297
河南,2023,文科,463,101517
河南,2023,文科,462,102655
河南,2023,文科,461,103791
河南,2023,文科,460,104927
河南,2023,文科,459,106020
河南,2023,文科,458,107202
河南,2023,文科,457,108390
河南,2023,文科,456,109532
河南,2023,文科,455,110654
河南,2023,文科,454,111789
河南,2023,文科,453,112978
河南,2023,文科,452,114130
河南,2023,文科,451,115265
河南,2023,文科,450,116405
河南,2023,文科,449,117595
河南,2023,文科,448,118801
河南,2023,文科,447,119898
河南,2023,文科,446,121113
河南,2023,文科,445,122345
河南,2023,文科,444,123458
河南,2023,文科,443,124654
河南,2023,文科,442,125906
河南,2023,文科,441,127094
河南,2023,文科,440,128308
河南,2023,文科,439,129475
河南,2023,文科,438,130654
河南,2023,文科,437,131894
河南,2023,文科,436,133115
河南,2023,文科,435,134299
河南,2023,文科,434,135448
河南,2023,文科,433,136675
河南,2023,文科,432,137873
河南,2023,文科,431,139080
河南,2023,文科,430,140306
河南,2023,文科,429,141493
河南,2023,文科,428,142725
河南,2023,文科,427,143971
河南,2023,文科,426,145227
河南,2023,文科,425,146502
河南,2023,文科,424,147725
河南,2023,文科,423,148995
河南,2023,文科,422,150250
河南,2023,文科,421,151474
河南,2023,文科,420,152745
河南,2023,文科,419,153957
河南,2023,文科,418,155283
河南,2023,文科,417,156562
河南,2023,文科,416,157785
河南,2023,文科,415,159063
河南,2023,文科,414,160357
河南,2023,文科,413,161623
河南,2023,文科,412,162865
河南,2023,文科,411,164134
河南,2023,文科,410,165444
河南,2023,文科,409,166736
河南,2023,文科,408,168065
河南,2023,文科,407,169328
河南,2023,文科,406,170660
河南,2023,文科,405,171943
河南,2023,文科,404,173248
河南,2023,文科,403,174536
河南,2023,文科,402,175852
河南,2023,文科,401,177111
河南,2023,文科,400,178434
河南,2023,文科,399,179820
河南,2023,文科,398,181139
河南,2023,文科,397,182460
河南,2023,文科,396,183754
河南,2023,文科,395,185100
河南,2023,文科,394,186477
河南,2023,文科,393,187797
河南,2023,文科,392,189214
河南,2023,文科,391,190558
河南,2023,文科,390,191943
河南,2023,文科,389,193284
河南,2023,文科,388,194640
河南,2023,文科,387,196005
河南,2023,文科,386,197345
河南,2023,文科,385,198652
河南,2023,文科,384,199984
河南,2023,文科,383,201264
河南,2023,文科,382,202583
河南,2023,文科,381,203916
河南,2023,文科,380,205239
河南,2023,文科,379,206583
河南,2023,文科,378,207914
河南,2023,文科,377,209209
河南,2023,文科,376,210559
河南,2023,文科,375,211891
河南,2023,文科,374,213206
河南,2023,文科,373,214507
河南,2023,文科,372,215832
河南,2023,文科,371,217121
河南,2023,文科,370,218443
河南,2023,文科,369,219711
河南,2023,文科,368,220999
河南,2023,文科,367,222315
河南,2023,文科,366,223574
河南,2023,文科,365,224869
河南,2023,文科,364,226162
河南,2023,文科,363,227429
河南,2023,文科,362,228689
河南,2023,文科,361,229911
河南,2023,文科,360,231159
河南,2023,文科,359,232440
河南,2023,文科,358,233689
河南,2023,文科,357,234943
河南,2023,文科,356,236095
河南,2023,文科,355,237324
河南,2023,文科,354,238579
河南,2023,文科,353,239828
河南,2023,文科,352,241061
河南,2023,文科,351,242281
河南,2023,文科,350,243584
河南,2023,文科,349,244771
河南,2023,文科,348,245973
河南,2023,文科,347,247219
河南,2023,文科,346,248351
河南,2023,文科,345,249469
河南,2023,文科,344,250621
河南,2023,文科,343,251783
河南,2023,文科,342,252894
河南,2023,文科,341,254008
河南,2023,文科,340,255134
河南,2023,文科,339,256217
河南,2023,文科,338,257373
河南,2023,文科,337,258458
河南,2023,文科,336,259630
河南,2023,文科,335,260713
河南,2023,文科,334,261813
河南,2023,文科,333,262871
河南,2023,文科,332,263914
河南,2023,文科,331,264952
河南,2023,文科,330,266002
河南,2023,文科,329,267093
河南,2023,文科,328,268112
河南,2023,文科,327,269133
河南,2023,文科,326,270193
河南,2023,文科,325,271196
河南,2023,文科,324,272157
河南,2023,文科,323,273153
河南,2023,文科,322,274142
河南,2023,文科,321,275109
河南,2023,文科,320,276103
河南,2023,文科,319,277078
河南,2023,文科,318,278025
河南,2023,文科,317,279034
河南,2023,文科,316,279987
河南,2023,文科,315,280954
河南,2023,文科,314,281891
河南,2023,文科,313,282829
河南,2023,文科,312,283727
河南,2023,文科,311,284664
河南,2023,文科,310,285565
河南,2023,文科,309,286447
河南,2023,文科,308,287421
河南,2023,文科,307,288352
河南,2023,文科,306,289261
河南,2023,文科,305,290140
河南,2023,文科,304,291017
河南,2023,文科,303,291846
河南,2023,文科,302,292712
河南,2023,文科,301,293564
河南,2023,文科,300,294427
河南,2023,文科,299,295243
河南,2023,文科,298,296108
河南,2023,文科,297,296883
河南,2023,文科,296,297691
河南,2023,文科,295,298525
河南,2023,文科,294,299282
河南,2023,文科,293,300077
河南,2023,文科,292,300811
河南,2023,文科,291,301572
河南,2023,文科,290,302313
河南,2023,文科,289,303061
河南,2023,文科,288,303865
河南,2023,文科,287,304624
河南,2023,文科,286,305339
河南,2023,文科,285,306064
河南,2023,文科,284,306803
河南,2023,文科,283,307453
河南,2023,文科,282,308168
河南,2023,文科,281,308831
河南,2023,文科,280,309529
河南,2023,文科,279,310201
河南,2023,文科,278,310840
河南,2023,文科,277,311481
河南,2023,文科,276,312125
河南,2023,文科,275,312751
河南,2023,文科,274,313381
河南,2023,文科,273,313997
河南,2023,文科,272,314610
河南,2023,文科,271,315244
河南,2023,文科,270,315842
河南,2023,文科,269,316465
河南,2023,文科,268,317075
河南,2023,文科,267,317683
河南,2023,文科,266,318222
河南,2023,文科,265,318787
河南,2023,文科,264,319406
河南,2023,文科,263,319949
河南,2023,文科,262,320550
河南,2023,文科,261,321075
河南,2023,文科,260,321622
河南,2023,文科,259,322183
河南,2023,文科,258,322708
河南,2023,文科,257,323278
河南,2023,文科,256,323832
河南,2023,文科,255,324297
河南,2023,文科,254,324835
河南,2023,文科,253,325337
河南,2023,文科,252,325854
河南,2023,文科,251,326393
河南,2023,文科,250,326831
河南,2023,文科,249,327304
河南,2023,文科,248,327786
河南,2023,文科,247,328273
河南,2023,文科,246,328768
河南,2023,文科,245,329247
河南,2023,文科,244,329703
河南,2023,文科,243,330173
河南,2023,文科,242,330655
河南,2023,文科,241,331091
河南,2023,文科,240,331522
河南,2023,文科,239,331913
河南,2023,文科,238,332380
河南,2023,文科,237,332799
河南,2023,文科,236,333220
河南,2023,文科,235,333619
河南,2023,文科,234,334052
河南,2023,文科,233,334475
河南,2023,文科,232,334909
河南,2023,文科,231,335292
河南,2023,文科,230,335679
河南,2023,文科,229,336090
河南,2023,文科,228,336483
河南,2023,文科,227,336865
河南,2023,文科,226,337264
河南,2023,文科,225,337610
河南,2023,文科,224,337987
河南,2023,文科,223,338339
河南,2023,文科,222,338673
河南,2023,文科,221,339034
河南,2023,文科,220,339374
河南,2023,文科,219,339711
河南,2023,文科,218,340058
河南,2023,文科,217,340393
河南,2023,文科,216,340727
河南,2023,文科,215,341080
河南,2023,文科,214,341377
河南,2023,文科,213,341693
河南,2023,文科,212,342006
河南,2023,文科,211,342309
河南,2023,文科,210,342617
河南,2023,文科,209,342907
河南,2023,文科,208,343196
河南,2023,文科,207,343507
河南,2023,文科,206,343795
河南,2023,文科,205,344075
河南,2023,文科,204,344368
河南,2023,文科,203,344643
河南,2023,文科,202,344934
河南,2023,文科,201,345222
河南,2023,文科,200,345490
河南,2023,文科,199,345733
河南,2023,文科,198,345989
河南,2023,文科,197,346243
河南,2023,文科,196,346452
河南,2023,文科,195,346687
河南,2023,文科,194,346918
河南,2023,文科,193,347157
河南,2023,文科,192,347380
河南,2023,文科,191,347602
河南,2023,文科,190,347808
河南,2023,文科,189,348021
河南,2023,文科,188,348189
河南,2023,文科,187,348391
河南,2023,文科,186,348600
河南,2023,文科,185,348796
河南,2023,文科,184,348984
河南,2023,文科,183,349161
河南,2023,文科,182,349346
河南,2023,文科,181,349528
河南,2023,文科,180,349722
河南,2023,文科,179,349881
河南,2023,文科,178,350045
河南,2023,文科,177,350219
河南,2023,文科,176,350398
河南,2023,文科,175,350560
河南,2023,文科,174,350712
河南,2023,文科,173,350838
河南,2023,文科,172,350992
河南,2023,文科,171,351130
河南,2023,文科,170,351287
河南,2023,文科,169,351399
河南,2023,文科,168,351530
河南,2023,文科,167,351646
河南,2023,文科,166,351785
河南,2023,文科,165,351906
河南,2023,文科,164,352015
河南,2023,文科,163,352159
河南,2023,文科,162,352260
河南,2023,文科,161,352375
河南,2023,文科,160,352489
河南,2023,文科,159,352595
河南,2023,文科,158,352694
河南,2023,文科,157,352785
河南,2023,文科,156,352886
河南,2023,文科,155,352971
河南,2023,文科,154,353055
河南,2023,文科,153,353163
河南,2023,文科,152,353246
河南,2023,文科,151,353349
河南,2023,文科,150,353424
河南,2023,文科,149,353505
河南,2023,文科,148,353560
河南,2023,文科,147,353628
河南,2023,文科,146,353692
河南,2023,文科,145,353751
河南,2023,文科,144,353811
河南,2023,文科,143,353868
河南,2023,文科,142,353939
河南,2023,文科,141,353994
河南,2023,文科,140,354048
河南,2023,文科,139,354107
河南,2023,文科,138,354154
河南,2023,文科,137,354219
河南,2023,文科,136,354266
河南,2023,文科,135,354320
河南,2023,文科,134,354365
河南,2023,文科,133,354424
河南,2023,文科,132,354471
河南,2023,文科,131,354517
河南,2023,文科,130,354561
河南,2023,文科,129,354606
河南,2023,文科,128,354649
河南,2023,文科,127,354690
河南,2023,文科,126,354728
河南,2023,文科,125,354766
河南,2023,文科,124,354798
河南,2023,文科,123,354828
河南,2023,文科,122,354857
河南,2023,文科,121,354890
河南,2023,文科,120,354924
河南,2023,文科,119,354960
河南,2023,文科,118,354985
河南,2023,文科,117,355020
河南,2023,文科,116,355042
河南,2023,文科,115,355065
河南,2023,文科,114,355095
河南,2023,文科,113,355128
河南,2023,文科,112,355149
河南,2023,文科,111,355176
河南,2023,文科,110,355201
河南,2023,文科,109,355223
河南,2023,文科,108,355252
河南,2023,文科,107,355271
河南,2023,文科,106,355288
河南,2023,文科,105,355308
河南,2023,文科,104,355334
河南,2023,文科,103,355353
河南,2023,文科,102,355371
河南,2023,文科,101,355389
河南,2023,文科,100,355412
